-- PostgreSQL Database Backup
-- Generated on: 2025-10-08T15:38:57.203Z
-- Database: Breakdown Tracker

-- Disable triggers during restore
SET session_replication_role = replica;

-- Clear existing data (in reverse order due to foreign keys)
TRUNCATE TABLE breakdowns CASCADE;
TRUNCATE TABLE machines CASCADE;
TRUNCATE TABLE problem_types CASCADE;
TRUNCATE TABLE sub_lines CASCADE;
TRUNCATE TABLE lines CASCADE;
TRUNCATE TABLE employees CASCADE;
TRUNCATE TABLE users CASCADE;


-- Users
INSERT INTO users (id, username, password, name, email, role) VALUES ('0c212865-260d-4753-8a2e-f3609ef3b515', 'admin', '$2b$10$ESRNQUv5hCBWH4SoFwamUOuNLB419z8FcJox5PGRWe0h9ItNicRFW', 'Admin User', 'admin@example.com', 'Admin');
INSERT INTO users (id, username, password, name, email, role) VALUES ('fc930539-3241-4884-973c-25d223e29336', 'engineer', '$2b$10$LQHdauYIaUFZR/ey3pK.Q.bGHo2AeNIE6TgZR4TiuovEQtXRDTldW', 'John Doe', 'engineer@example.com', 'Engineer');

-- Employees
INSERT INTO employees (id, name, role, department) VALUES ('dac6b997-7aa4-46e2-a794-094caf5cbd7a', 'ADITYA', 'Technician', 'Maintenance');
INSERT INTO employees (id, name, role, department) VALUES ('14cb195e-209f-463c-a8df-9d22e606e51f', 'AKHIL', 'Technician', 'Maintenance');
INSERT INTO employees (id, name, role, department) VALUES ('3d03efa7-9b80-4827-8301-7b3f4a81268f', 'ANUBHAV', 'Technician', 'Maintenance');
INSERT INTO employees (id, name, role, department) VALUES ('00de2af4-9f6c-4b57-8694-9869a86e6405', 'ASHUTOSH TRPATHI', 'Technician', 'Maintenance');
INSERT INTO employees (id, name, role, department) VALUES ('0a7a3984-cd51-4ca7-853b-c560168e9c3f', 'ASLAM KHAN', 'Technician', 'Maintenance');
INSERT INTO employees (id, name, role, department) VALUES ('5b7026f0-bf8c-4b0f-9aa6-3b6eff7e0245', 'DALIP KUMAR', 'Technician', 'Maintenance');
INSERT INTO employees (id, name, role, department) VALUES ('b6e76b2f-43bd-4c08-a654-6457d542fe5c', 'DINESH TYAGI', 'Technician', 'Maintenance');
INSERT INTO employees (id, name, role, department) VALUES ('ce322820-089f-4b2a-a3e8-4967123c5d30', 'MUKESH SHARMA', 'Technician', 'Maintenance');
INSERT INTO employees (id, name, role, department) VALUES ('6b7336c1-e4e4-4b57-bf10-00c2650d1b12', 'NARENDER KUMAR', 'Technician', 'Maintenance');
INSERT INTO employees (id, name, role, department) VALUES ('d2030297-bf91-4964-a4b3-4851963c853c', 'RADHE SHAYM', 'Technician', 'Maintenance');
INSERT INTO employees (id, name, role, department) VALUES ('0d93168f-8cb6-46e5-98a3-8c10ff15adcf', 'SANTOSH SHARMA', 'Technician', 'Maintenance');
INSERT INTO employees (id, name, role, department) VALUES ('26081fef-ca31-4e2d-9947-936ab08d1673', 'SATYA PRAKASH', 'Technician', 'Maintenance');
INSERT INTO employees (id, name, role, department) VALUES ('e14f8bc5-c40d-4d28-b6c2-6535549691f0', 'ASHUTOSH TIRPATHI', 'Technician', 'Maintenance');
INSERT INTO employees (id, name, role, department) VALUES ('a48cefea-1341-46ac-8292-59ed12fc83af', 'BALAM  DAS', 'Technician', 'Maintenance');
INSERT INTO employees (id, name, role, department) VALUES ('e981bf2f-5757-4cc3-b8ce-cf1f1c08f9d5', 'HARSH', 'Technician', 'Maintenance');
INSERT INTO employees (id, name, role, department) VALUES ('731c9cbd-0358-4013-969b-b16407c3307b', 'RADHAY SHYAM', 'Technician', 'Maintenance');
INSERT INTO employees (id, name, role, department) VALUES ('f4b04194-5601-4d77-85a3-a10414e7bbdf', 'Santosh Sharma', 'Technician', 'Maintenance');
INSERT INTO employees (id, name, role, department) VALUES ('4288fdfe-d837-4d09-981e-83095421f284', 'Satya Prakash', 'Technician', 'Maintenance');

-- Lines
INSERT INTO lines (id, name, description) VALUES ('3287130a-eb54-4a5d-9f28-fc01a79876ad', 'WCAC', 'WCAC production line');
INSERT INTO lines (id, name, description) VALUES ('f2acb9be-5fb7-464f-9c65-d9b4488f29a2', 'Final Line', 'Final Line production line');
INSERT INTO lines (id, name, description) VALUES ('a31103f3-2cf8-4763-89cb-06ca8e40e5b7', 'Mainifold', 'Mainifold production line');
INSERT INTO lines (id, name, description) VALUES ('e7fa27e1-3584-4caf-a4f8-dd32b5ab2996', 'Tool & Die', 'Tool & Die production line');
INSERT INTO lines (id, name, description) VALUES ('c72762f8-f534-4388-90ae-601df2babfd4', 'Front Line', 'Front Line production line');
INSERT INTO lines (id, name, description) VALUES ('204b8790-45c8-4cad-aa1e-c50b6dda23ff', 'EGR', 'EGR production line');
INSERT INTO lines (id, name, description) VALUES ('5dee6b57-476a-40cb-bacc-e4908400d5d9', 'FDM', 'FDM production line');
INSERT INTO lines (id, name, description) VALUES ('4860a4b7-0f8c-4faf-8763-3ce7213dc065', 'FT', 'FT production line');

-- Refreshed sub_lines seed data
INSERT INTO sub_lines (id, name, line_id) VALUES ('0d8ad5af-7c8e-4f06-8acc-dc4c0a265675', 'WCAC', '3287130a-eb54-4a5d-9f28-fc01a79876ad');
INSERT INTO sub_lines (id, name, line_id) VALUES ('2145be40-50ad-4a07-9f12-6b0134ad62dd', 'FDM', 'f2acb9be-5fb7-464f-9c65-d9b4488f29a2');
INSERT INTO sub_lines (id, name, line_id) VALUES ('3017f5c0-d04d-4cc8-9795-e6b51fa5b84f', 'Mainifold', 'a31103f3-2cf8-4763-89cb-06ca8e40e5b7');
INSERT INTO sub_lines (id, name, line_id) VALUES ('3d4a5f1a-22fd-4b69-9394-7999714ab419', 'Tool & Die', 'e7fa27e1-3584-4caf-a4f8-dd32b5ab2996');
INSERT INTO sub_lines (id, name, line_id) VALUES ('4a0eb5b3-8258-4214-8701-d018b57ac897', 'Gamma', 'c72762f8-f534-4388-90ae-601df2babfd4');
INSERT INTO sub_lines (id, name, line_id) VALUES ('5dfacd33-0fd0-4947-8d2d-1e2a597b7f6d', 'RAD', 'c72762f8-f534-4388-90ae-601df2babfd4');
INSERT INTO sub_lines (id, name, line_id) VALUES ('66764b97-0cf7-4f4a-96ae-4d1e4055a679', 'EGR', '204b8790-45c8-4cad-aa1e-c50b6dda23ff');
INSERT INTO sub_lines (id, name, line_id) VALUES ('7e3abeb5-e7c7-4582-8e67-72c37b13a1f6', 'FDM', '5dee6b57-476a-40cb-bacc-e4908400d5d9');
-- Additional sub_lines
INSERT INTO sub_lines (id, name, line_id) VALUES ('23dc4e30-76d9-41d6-bfdd-c9502ccf3009', 'ECM', 'f2acb9be-5fb7-464f-9c65-d9b4488f29a2');
INSERT INTO sub_lines (id, name, line_id) VALUES ('b90bab5b-181f-4649-8d61-8c0c1e757693', 'Inter Cooler', 'f2acb9be-5fb7-464f-9c65-d9b4488f29a2');
INSERT INTO sub_lines (id, name, line_id) VALUES ('297c3cd8-bfd1-43a8-8fdf-dd18bf1aca1e', 'Gamma', 'f2acb9be-5fb7-464f-9c65-d9b4488f29a2');
INSERT INTO sub_lines (id, name, line_id) VALUES ('2ba0f173-5478-47be-ac8a-8500bed07e46', 'MG', 'f2acb9be-5fb7-464f-9c65-d9b4488f29a2');
INSERT INTO sub_lines (id, name, line_id) VALUES ('24b432de-aa73-4562-8a29-4c9eeda437c9', 'Condeser', 'f2acb9be-5fb7-464f-9c65-d9b4488f29a2');
INSERT INTO sub_lines (id, name, line_id) VALUES ('568e05dd-4742-41f6-9319-e6874fcb4c9a', 'AC', '4860a4b7-0f8c-4faf-8763-3ce7213dc065');
INSERT INTO sub_lines (id, name, line_id) VALUES ('1b4ed82a-05e4-4596-ab97-85954501eadd', 'Press Shop', 'c72762f8-f534-4388-90ae-601df2babfd4');
INSERT INTO sub_lines (id, name, line_id) VALUES ('995f9d6b-d03b-46cc-ba96-091cb61f5c80', 'IMM', 'c72762f8-f534-4388-90ae-601df2babfd4');
INSERT INTO sub_lines (id, name, line_id) VALUES ('7f9c7c71-3656-483b-b1d1-d158792d5324', 'CAC', 'c72762f8-f534-4388-90ae-601df2babfd4');
INSERT INTO sub_lines (id, name, line_id) VALUES ('06216fff-6dbb-463d-9d7e-5f53b3bf297e', 'MG', 'c72762f8-f534-4388-90ae-601df2babfd4');
INSERT INTO sub_lines (id, name, line_id) VALUES ('164d277b-2b5a-4630-b11d-4ec5e078626d', 'Condeser', 'c72762f8-f534-4388-90ae-601df2babfd4');

-- Machines
INSERT INTO machines (id, code, name, line_id, sub_line_id, type, maintenance_frequency, pm_plan_year, uptime) VALUES ('18a3f9ed-3095-4f9f-a169-16cc8c81f223', 'MF PM CS WC07', 'WHEEL CRIMPING INLET (WCAC)', '3287130a-eb54-4a5d-9f28-fc01a79876ad', '0d8ad5af-7c8e-4f06-8acc-dc4c0a265675', 'Critical', 'Half yearly', 'Jul-Jan', 1290);
INSERT INTO machines (id, code, name, line_id, sub_line_id, type, maintenance_frequency, pm_plan_year, uptime) VALUES ('1185e091-46a6-4bea-a5e4-09339e0f73f8', 'MF PM CS WC08', 'WHEEL CRIMPING OUTLET (WCAC)', '3287130a-eb54-4a5d-9f28-fc01a79876ad', '0d8ad5af-7c8e-4f06-8acc-dc4c0a265675', 'Critical', 'Half yearly', 'Jul-Jan', 1290);
INSERT INTO machines (id, code, name, line_id, sub_line_id, type, maintenance_frequency, pm_plan_year, uptime) VALUES ('8017621d-67a0-4b29-a313-4391b28f529c', 'F M PMC 23', 'LEAK TESTING,PRE-FILTER ASSY', 'f2acb9be-5fb7-464f-9c65-d9b4488f29a2', '2145be40-50ad-4a07-9f12-6b0134ad62dd', 'Non Critical', 'Half yearly', 'Feb - Aug', 1290);
INSERT INTO machines (id, code, name, line_id, sub_line_id, type, maintenance_frequency, pm_plan_year, uptime) VALUES ('778fd13c-964c-480d-9b2d-a1b3ce999fbd', 'F M PMC 29', 'LEAK TESTING,FLANGE-TRANSFER LEG ASSY & SG ASSY WITH FDM,FDM SOLDRING', 'f2acb9be-5fb7-464f-9c65-d9b4488f29a2', '2145be40-50ad-4a07-9f12-6b0134ad62dd', 'Non Critical', 'Half yearly', 'May- Nov', 1290);
INSERT INTO machines (id, code, name, line_id, sub_line_id, type, maintenance_frequency, pm_plan_year, uptime) VALUES ('b9faaca4-2fc2-4a7f-9757-842bf7d27fe1', 'F M PMC 70B', 'DRY LEAK & VACCUM CLEANING 0.8 L & 1.5 LPV.', 'f2acb9be-5fb7-464f-9c65-d9b4488f29a2', '2145be40-50ad-4a07-9f12-6b0134ad62dd', 'Non Critical', 'Half yearly', 'Jun - Dec', 1290);
INSERT INTO machines (id, code, name, line_id, sub_line_id, type, maintenance_frequency, pm_plan_year, uptime) VALUES ('70b8f89d-4184-4c3d-86e4-3dfbc38d0bee', 'F M PMC 70A', 'LEAK TESTING & VACCUM CLEANING(DV5 AND DV6)', 'f2acb9be-5fb7-464f-9c65-d9b4488f29a2', '2145be40-50ad-4a07-9f12-6b0134ad62dd', 'Non Critical', 'Half yearly', 'Feb - Aug', 1290);
INSERT INTO machines (id, code, name, line_id, sub_line_id, type, maintenance_frequency, pm_plan_year, uptime) VALUES ('be8ca44f-ba84-4f02-8e77-7ae5da5ddadd', 'MF PM CS MF14', 'AIR LEAK TESTER ( U725/P703(GA,HA) )', 'a31103f3-2cf8-4763-89cb-06ca8e40e5b7', '3017f5c0-d04d-4cc8-9795-e6b51fa5b84f', 'Non Critical', 'Half yearly', 'Apr-Oct', 1290);
INSERT INTO machines (id, code, name, line_id, sub_line_id, type, maintenance_frequency, pm_plan_year, uptime) VALUES ('dea19418-0720-4085-b03d-e4348810ba30', 'MF PM CS WC03', 'CORE LEAK TESTING (WCAC)', '3287130a-eb54-4a5d-9f28-fc01a79876ad', '0d8ad5af-7c8e-4f06-8acc-dc4c0a265675', 'Non Critical', 'Half yearly', 'Jul-Jan', 1290);
INSERT INTO machines (id, code, name, line_id, sub_line_id, type, maintenance_frequency, pm_plan_year, uptime) VALUES ('8ee9e666-c2ba-4665-9585-57ad8dd569ef', 'MF PM CS WC06', 'DRY LEAK TESTING (WCAC)', '3287130a-eb54-4a5d-9f28-fc01a79876ad', '0d8ad5af-7c8e-4f06-8acc-dc4c0a265675', 'Non Critical', 'Half yearly', 'Jul-Jan', 1290);
INSERT INTO machines (id, code, name, line_id, sub_line_id, type, maintenance_frequency, pm_plan_year, uptime) VALUES ('5ab6727e-2d95-49bf-b4ff-951cf4e434ac', 'MF PM CS U18', 'CRANE DIE MAINT.', 'e7fa27e1-3584-4caf-a4f8-dd32b5ab2996', '3d4a5f1a-22fd-4b69-9394-7999714ab419', 'Non Critical', 'Half yearly', 'Jun-Dec', 1290);
INSERT INTO machines (id, code, name, line_id, sub_line_id, type, maintenance_frequency, pm_plan_year, uptime) VALUES ('7d01c13a-7b9c-458b-98d8-d20b38e2a509', 'MF PM CS TR01', 'DRILLING', 'e7fa27e1-3584-4caf-a4f8-dd32b5ab2996', '3d4a5f1a-22fd-4b69-9394-7999714ab419', 'Non Critical', 'Half yearly', 'Jan-Jul', 1290);
INSERT INTO machines (id, code, name, line_id, sub_line_id, type, maintenance_frequency, pm_plan_year, uptime) VALUES ('2d7192aa-b81a-45c8-b38c-4bc2cca59e95', 'MF PM CS TR02', 'LATHE', 'e7fa27e1-3584-4caf-a4f8-dd32b5ab2996', '3d4a5f1a-22fd-4b69-9394-7999714ab419', 'Non Critical', 'Half yearly', 'May-Nov', 1290);
INSERT INTO machines (id, code, name, line_id, sub_line_id, type, maintenance_frequency, pm_plan_year, uptime) VALUES ('0c84b00c-850c-4d4a-9e27-36f1af10780f', 'MF PM CS TR03', 'MILLING', 'e7fa27e1-3584-4caf-a4f8-dd32b5ab2996', '3d4a5f1a-22fd-4b69-9394-7999714ab419', 'Non Critical', 'Half yearly', 'May-Nov', 1290);
INSERT INTO machines (id, code, name, line_id, sub_line_id, type, maintenance_frequency, pm_plan_year, uptime) VALUES ('a14cb32e-3c3e-473f-b5ac-5d8a9dd386d8', 'MF PM CS TR05', 'SURFACE GRINDING', 'e7fa27e1-3584-4caf-a4f8-dd32b5ab2996', '3d4a5f1a-22fd-4b69-9394-7999714ab419', 'Non Critical', 'Half yearly', 'Apr-Oct', 1290);
INSERT INTO machines (id, code, name, line_id, sub_line_id, type, maintenance_frequency, pm_plan_year, uptime) VALUES ('786a6ed4-1d45-4148-b711-ea8108f35010', 'MF PM CS TR04', 'PEDESTAL GRINDING', 'e7fa27e1-3584-4caf-a4f8-dd32b5ab2996', '3d4a5f1a-22fd-4b69-9394-7999714ab419', 'Non Critical', 'Half yearly', 'Jun-Dec', 1290);
INSERT INTO machines (id, code, name, line_id, sub_line_id, type, maintenance_frequency, pm_plan_year, uptime) VALUES ('678f108e-de4c-4a1d-b8ef-576fcf6274ad', 'MF PM CS WC04', 'CORE BUILDER--1 (WCAC)', '3287130a-eb54-4a5d-9f28-fc01a79876ad', '0d8ad5af-7c8e-4f06-8acc-dc4c0a265675', 'Critical', 'Half yearly', 'Jul-Jan', 1290);
INSERT INTO machines (id, code, name, line_id, sub_line_id, type, maintenance_frequency, pm_plan_year, uptime) VALUES ('fdf069e3-f925-4ebc-8b89-ae34fa54ef8b', 'MF PM CS WC05', 'CORE BUILDER--2 (WCAC)', '3287130a-eb54-4a5d-9f28-fc01a79876ad', '0d8ad5af-7c8e-4f06-8acc-dc4c0a265675', 'Critical', 'Half yearly', 'Jul-Jan', 1290);
INSERT INTO machines (id, code, name, line_id, sub_line_id, type, maintenance_frequency, pm_plan_year, uptime) VALUES ('98414268-842f-4b41-bf8f-390468f5d437', 'MF PM CS MF02', 'FLUXING MACHINE ( V710 )', 'a31103f3-2cf8-4763-89cb-06ca8e40e5b7', '3017f5c0-d04d-4cc8-9795-e6b51fa5b84f', 'Non Critical', 'Half yearly', 'Feb-Aug', 1290);
INSERT INTO machines (id, code, name, line_id, sub_line_id, type, maintenance_frequency, pm_plan_year, uptime) VALUES ('d22fac00-6923-4b46-adcf-dc58367e9ab2', 'MF PM CS C10', 'FURNACE-1', 'c72762f8-f534-4388-90ae-601df2babfd4', '4a0eb5b3-8258-4214-8701-d018b57ac897', 'Critical', 'Half yearly', 'Jun-Dec', 1440);
INSERT INTO machines (id, code, name, line_id, sub_line_id, type, maintenance_frequency, pm_plan_year, uptime) VALUES ('bcff9a98-99de-4b93-a496-6cef776a7d14', 'MF PM CS C25', 'FURNACE-2', 'c72762f8-f534-4388-90ae-601df2babfd4', '5dfacd33-0fd0-4947-8d2d-1e2a597b7f6d', 'Critical', 'Half yearly', 'Jun-Dec', 1440);
INSERT INTO machines (id, code, name, line_id, sub_line_id, type, maintenance_frequency, pm_plan_year, uptime) VALUES ('513b7636-fcab-4cbf-aacd-9e1e9b15f5b5', 'F M PMC 54', 'S.S. FURNANCE', '204b8790-45c8-4cad-aa1e-c50b6dda23ff', '66764b97-0cf7-4f4a-96ae-4d1e4055a679', 'Non Critical', 'Half yearly', 'Mar-Sept', 1440);
INSERT INTO machines (id, code, name, line_id, sub_line_id, type, maintenance_frequency, pm_plan_year, uptime) VALUES ('c78c9981-85b1-48e3-a5e7-11e28ee4466f', 'MF PM CS MF12', 'ACIDIC WASHING  ( U725/P703(GA,HA) )', 'a31103f3-2cf8-4763-89cb-06ca8e40e5b7', '3017f5c0-d04d-4cc8-9795-e6b51fa5b84f', 'Non Critical', 'Half yearly', 'Apr-Oct', 1290);
INSERT INTO machines (id, code, name, line_id, sub_line_id, type, maintenance_frequency, pm_plan_year, uptime) VALUES ('408e53cc-9245-440d-9d58-ebb06c31f2f0', 'MF PM CS MF03', 'BAFFLE CAULKING ( V710 )', 'a31103f3-2cf8-4763-89cb-06ca8e40e5b7', '3017f5c0-d04d-4cc8-9795-e6b51fa5b84f', 'Non Critical', 'Half yearly', 'Mar-Sep', 1290);
INSERT INTO machines (id, code, name, line_id, sub_line_id, type, maintenance_frequency, pm_plan_year, uptime) VALUES ('350f46d0-b648-440d-a634-409791537c7b', 'MF PM CS MF16', 'BAFFLE CAULKING ( U725/P703(GA,HA) )', 'a31103f3-2cf8-4763-89cb-06ca8e40e5b7', '3017f5c0-d04d-4cc8-9795-e6b51fa5b84f', 'Non Critical', 'Half yearly', 'Apr-Oct', 1290);
INSERT INTO machines (id, code, name, line_id, sub_line_id, type, maintenance_frequency, pm_plan_year, uptime) VALUES ('812c8e6d-365c-4ad2-907d-e622c1273764', 'MF PM CS MF22', 'BAFFLE CAULKING ( W601/MG )', 'a31103f3-2cf8-4763-89cb-06ca8e40e5b7', '3017f5c0-d04d-4cc8-9795-e6b51fa5b84f', 'Non Critical', 'Half yearly', 'Feb-Aug', 1290);
INSERT INTO machines (id, code, name, line_id, sub_line_id, type, maintenance_frequency, pm_plan_year, uptime) VALUES ('023b6540-c4d8-4868-9418-c7865a08b578', 'MF PM CS MF28', 'BAFFLE CAULKING ( MMA OHX )', 'a31103f3-2cf8-4763-89cb-06ca8e40e5b7', '3017f5c0-d04d-4cc8-9795-e6b51fa5b84f', 'Non Critical', 'Half yearly', 'Feb-Aug', 1290);
INSERT INTO machines (id, code, name, line_id, sub_line_id, type, maintenance_frequency, pm_plan_year, uptime) VALUES ('d1634604-c9fd-44a2-9237-88c30df65193', 'MF PM CS MF33', 'BAFFLE CAULKING ( MMA CDN )', 'a31103f3-2cf8-4763-89cb-06ca8e40e5b7', '3017f5c0-d04d-4cc8-9795-e6b51fa5b84f', 'Non Critical', 'Half yearly', 'Mar-Sep', 1290);
INSERT INTO machines (id, code, name, line_id, sub_line_id, type, maintenance_frequency, pm_plan_year, uptime) VALUES ('99434994-53b4-443d-acc2-78cfbd828498', 'MF PM CS MF38', 'BAFFLE CAULKING (YG8 )', 'a31103f3-2cf8-4763-89cb-06ca8e40e5b7', '3017f5c0-d04d-4cc8-9795-e6b51fa5b84f', 'Non Critical', 'Half yearly', 'Jul-Jan', 1290);
INSERT INTO machines (id, code, name, line_id, sub_line_id, type, maintenance_frequency, pm_plan_year, uptime) VALUES ('5b94e325-fb7b-4dc7-83a5-51608297c3d7', 'MF PM CS MF04', 'BRACKET RIVETING ( V710 )', 'a31103f3-2cf8-4763-89cb-06ca8e40e5b7', '3017f5c0-d04d-4cc8-9795-e6b51fa5b84f', 'Non Critical', 'Half yearly', 'Mar-Sep', 1290);
INSERT INTO machines (id, code, name, line_id, sub_line_id, type, maintenance_frequency, pm_plan_year, uptime) VALUES ('e1f1c7fe-74bc-4495-9fbc-9aacc1df22bc', 'MF PM CS MF17', 'BRACKET RIVETING ( U725/P703(GA,HA)', 'a31103f3-2cf8-4763-89cb-06ca8e40e5b7', '3017f5c0-d04d-4cc8-9795-e6b51fa5b84f', 'Non Critical', 'Half yearly', 'Apr-Oct', 1290);
INSERT INTO machines (id, code, name, line_id, sub_line_id, type, maintenance_frequency, pm_plan_year, uptime) VALUES ('43362420-84d9-46dd-b4ff-4c74437dc93d', 'MF PM CS MF23', 'BRACKET RIVETING ( W601/MG )', 'a31103f3-2cf8-4763-89cb-06ca8e40e5b7', '3017f5c0-d04d-4cc8-9795-e6b51fa5b84f', 'Non Critical', 'Half yearly', 'Feb-Aug', 1290);
INSERT INTO machines (id, code, name, line_id, sub_line_id, type, maintenance_frequency, pm_plan_year, uptime) VALUES ('626a6ded-5513-415f-a3ae-59ff86a331eb', 'MF PM CS MF29', 'BRACKET RIVETING & FLANGE FLAIRING ( MMA OHX )', 'a31103f3-2cf8-4763-89cb-06ca8e40e5b7', '3017f5c0-d04d-4cc8-9795-e6b51fa5b84f', 'Non Critical', 'Half yearly', 'Feb-Aug', 1290);
INSERT INTO machines (id, code, name, line_id, sub_line_id, type, maintenance_frequency, pm_plan_year, uptime) VALUES ('e46cd9be-740a-49a1-8d89-fc9b902ae1e6', 'MF PM CS MF34', 'BRACKET RIVETING & FLANGE FLAIRING ( MMA CDN )', 'a31103f3-2cf8-4763-89cb-06ca8e40e5b7', '3017f5c0-d04d-4cc8-9795-e6b51fa5b84f', 'Non Critical', 'Half yearly', 'Mar-Sep', 1290);
INSERT INTO machines (id, code, name, line_id, sub_line_id, type, maintenance_frequency, pm_plan_year, uptime) VALUES ('6bdd36ed-239f-4ed3-8dab-fa91eea0eeff', 'MF PM CS MF39', 'BRACKET & FLANGE FLAIRING & RD PIPE & CONNECTOR PIPE FLAIRING (YG8)', 'a31103f3-2cf8-4763-89cb-06ca8e40e5b7', '3017f5c0-d04d-4cc8-9795-e6b51fa5b84f', 'Non Critical', 'Half yearly', 'Jul-Jan', 1290);
INSERT INTO machines (id, code, name, line_id, sub_line_id, type, maintenance_frequency, pm_plan_year, uptime) VALUES ('f8766b00-67b1-4dfa-bb2f-47279fdce8a4', 'MF PM CS MF07', 'END CAP ASSEMBLY ( V710 )', 'a31103f3-2cf8-4763-89cb-06ca8e40e5b7', '3017f5c0-d04d-4cc8-9795-e6b51fa5b84f', 'Non Critical', 'Half yearly', 'Apr-Oct', 1290);
INSERT INTO machines (id, code, name, line_id, sub_line_id, type, maintenance_frequency, pm_plan_year, uptime) VALUES ('8ee52829-dd2e-432b-90cc-13f8f812d570', 'MF PM CS MF19', 'END CAP INSERTING & CONNECTOR FLAIRING ( U725/P703(GA,HA)', 'a31103f3-2cf8-4763-89cb-06ca8e40e5b7', '3017f5c0-d04d-4cc8-9795-e6b51fa5b84f', 'Non Critical', 'Half yearly', 'May-Nov', 1290);
INSERT INTO machines (id, code, name, line_id, sub_line_id, type, maintenance_frequency, pm_plan_year, uptime) VALUES ('39da1958-3f5a-4b89-ba9a-253156086b92', 'MF PM CS MF25', 'END CAP INSERTING & CONNECTOR FLAIRING ( W601/MG )', 'a31103f3-2cf8-4763-89cb-06ca8e40e5b7', '3017f5c0-d04d-4cc8-9795-e6b51fa5b84f', 'Non Critical', 'Half yearly', 'Feb-Aug', 1290);
INSERT INTO machines (id, code, name, line_id, sub_line_id, type, maintenance_frequency, pm_plan_year, uptime) VALUES ('e8074bde-d622-4505-9e45-10ef804c535b', 'MF PM CS MF37', 'END CAP ASSEMBLY Machine ( MMA CDN )', 'a31103f3-2cf8-4763-89cb-06ca8e40e5b7', '3017f5c0-d04d-4cc8-9795-e6b51fa5b84f', 'Non Critical', 'Half yearly', 'May-Nov', 1290);
INSERT INTO machines (id, code, name, line_id, sub_line_id, type, maintenance_frequency, pm_plan_year, uptime) VALUES ('4898e37e-d755-4305-900b-ba21c63bf5f7', 'MF PM CS MF40', 'END CAP INSERTING & PIPE FLAIRING (YG8)', 'a31103f3-2cf8-4763-89cb-06ca8e40e5b7', '3017f5c0-d04d-4cc8-9795-e6b51fa5b84f', 'Non Critical', 'Half yearly', 'Jul-Jan', 1290);
INSERT INTO machines (id, code, name, line_id, sub_line_id, type, maintenance_frequency, pm_plan_year, uptime) VALUES ('5964240b-4960-4e75-8217-b350de92d3c0', 'MF PM CS MF05', 'FLANGE FLAIRING ( V710 )', 'a31103f3-2cf8-4763-89cb-06ca8e40e5b7', '3017f5c0-d04d-4cc8-9795-e6b51fa5b84f', 'Non Critical', 'Half yearly', 'Mar-Sep', 1290);
INSERT INTO machines (id, code, name, line_id, sub_line_id, type, maintenance_frequency, pm_plan_year, uptime) VALUES ('149ea8e1-6008-43e4-98c8-a1e0f98ce282', 'MF PM CS MF06', 'HEADER CAULKING ( V710 )', 'a31103f3-2cf8-4763-89cb-06ca8e40e5b7', '3017f5c0-d04d-4cc8-9795-e6b51fa5b84f', 'Non Critical', 'Half yearly', 'Apr-Oct', 1290);
INSERT INTO machines (id, code, name, line_id, sub_line_id, type, maintenance_frequency, pm_plan_year, uptime) VALUES ('492fa98c-27c6-4aec-b78f-6e0a6b390979', 'MF PM CS MF20', 'HEADER CAULKING ( U725/P703(GA,HA)', 'a31103f3-2cf8-4763-89cb-06ca8e40e5b7', '3017f5c0-d04d-4cc8-9795-e6b51fa5b84f', 'Non Critical', 'Half yearly', 'May-Nov', 1290);
INSERT INTO machines (id, code, name, line_id, sub_line_id, type, maintenance_frequency, pm_plan_year, uptime) VALUES ('f76e8a11-289b-49c3-8bcd-b6cf42ce7ada', 'MF PM CS MF26', 'HEADER CAULKING ( W601/MG )', 'a31103f3-2cf8-4763-89cb-06ca8e40e5b7', '3017f5c0-d04d-4cc8-9795-e6b51fa5b84f', 'Non Critical', 'Half yearly', 'May-Nov', 1290);
INSERT INTO machines (id, code, name, line_id, sub_line_id, type, maintenance_frequency, pm_plan_year, uptime) VALUES ('5dca8bb7-cbe5-4981-ac80-6962fedd0bc1', 'MF PM CS MF30', 'HEADER CAULKING ( MMA OHX )', 'a31103f3-2cf8-4763-89cb-06ca8e40e5b7', '3017f5c0-d04d-4cc8-9795-e6b51fa5b84f', 'Non Critical', 'Half yearly', 'Feb-Aug', 1290);
INSERT INTO machines (id, code, name, line_id, sub_line_id, type, maintenance_frequency, pm_plan_year, uptime) VALUES ('6ba95456-bbd6-4bce-b9b9-58230b0aa05e', 'MF PM CS MF35', 'HEADER CAULKING ( MMA CDN )', 'a31103f3-2cf8-4763-89cb-06ca8e40e5b7', '3017f5c0-d04d-4cc8-9795-e6b51fa5b84f', 'Non Critical', 'Half yearly', 'May-Nov', 1290);
INSERT INTO machines (id, code, name, line_id, sub_line_id, type, maintenance_frequency, pm_plan_year, uptime) VALUES ('a021eff4-8c52-4979-b44c-8afc12e60e7a', 'MF PM CS MF41', 'HEADER CAULKING (YG8)', 'a31103f3-2cf8-4763-89cb-06ca8e40e5b7', '3017f5c0-d04d-4cc8-9795-e6b51fa5b84f', 'Non Critical', 'Half yearly', 'Jul-Jan', 1290);
INSERT INTO machines (id, code, name, line_id, sub_line_id, type, maintenance_frequency, pm_plan_year, uptime) VALUES ('26136a8c-1982-4c38-8802-c4695dacb6c3', 'MF PM CS MF13', 'WELDING MACHINE ( U725/P703(GA,HA) )', 'a31103f3-2cf8-4763-89cb-06ca8e40e5b7', '3017f5c0-d04d-4cc8-9795-e6b51fa5b84f', 'Non Critical', 'Half yearly', 'Apr-Oct', 1290);
INSERT INTO machines (id, code, name, line_id, sub_line_id, type, maintenance_frequency, pm_plan_year, uptime) VALUES ('fbe125b5-93fb-46c6-86f9-b2c9dcbceccc', 'MF PM CS MF27', 'SIDE SUPPORT ASSEMBLY ( W601/MG )', 'a31103f3-2cf8-4763-89cb-06ca8e40e5b7', '3017f5c0-d04d-4cc8-9795-e6b51fa5b84f', 'Non Critical', 'Half yearly', 'May-Nov', 1290);
INSERT INTO machines (id, code, name, line_id, sub_line_id, type, maintenance_frequency, pm_plan_year, uptime) VALUES ('4db3464e-c1f8-475c-ae6a-4bf6494e4dfe', 'MF PM CS MF09', 'FLAME BRAZING-1 ( U725/P703(GA,HA)MG ,W601 )', 'a31103f3-2cf8-4763-89cb-06ca8e40e5b7', '3017f5c0-d04d-4cc8-9795-e6b51fa5b84f', 'Non Critical', 'Half yearly', 'Apr-Oct', 1290);
INSERT INTO machines (id, code, name, line_id, sub_line_id, type, maintenance_frequency, pm_plan_year, uptime) VALUES ('ec5a2a57-a057-4d4c-83cb-c39355ffb0f4', 'MF PM CS MF10', 'FLAME BRAZING-2 ( U725/P703(GA,HA)MG, W601 )', 'a31103f3-2cf8-4763-89cb-06ca8e40e5b7', '3017f5c0-d04d-4cc8-9795-e6b51fa5b84f', 'Non Critical', 'Half yearly', 'Apr-Oct', 1290);
INSERT INTO machines (id, code, name, line_id, sub_line_id, type, maintenance_frequency, pm_plan_year, uptime) VALUES ('a38cd42e-6e0a-4053-8985-0d6093b32750', 'MF PM CS MF11', 'FLAME BRAZING-3 ( U725/P703(GA,HA) )', 'a31103f3-2cf8-4763-89cb-06ca8e40e5b7', '3017f5c0-d04d-4cc8-9795-e6b51fa5b84f', 'Non Critical', 'Half yearly', 'Apr-Oct', 1290);
INSERT INTO machines (id, code, name, line_id, sub_line_id, type, maintenance_frequency, pm_plan_year, uptime) VALUES ('189dcd5c-9684-4666-8d23-edb479d34cf6', 'F M PMC 20', 'HOT PUNCHING', '5dee6b57-476a-40cb-bacc-e4908400d5d9', '7e3abeb5-e7c7-4582-8e67-72c37b13a1f6', 'Non Critical', 'Half yearly', 'May- Nov', 1290);
INSERT INTO machines (id, code, name, line_id, sub_line_id, type, maintenance_frequency, pm_plan_year, uptime) VALUES ('b93be6c9-1d4c-49ed-abcf-99ee06e213be', 'F M PMC 11', 'SG-2 ASSY & CARD ASSY', '5dee6b57-476a-40cb-bacc-e4908400d5d9', '7e3abeb5-e7c7-4582-8e67-72c37b13a1f6', 'Non Critical', 'Half yearly', 'May- Nov', 1290);
INSERT INTO machines (id, code, name, line_id, sub_line_id, type, maintenance_frequency, pm_plan_year, uptime) VALUES ('b5908d08-a62c-470d-9f9a-4871c30cd6f8', 'FM PMC 018', 'PUSH PUL TESTER', '5dee6b57-476a-40cb-bacc-e4908400d5d9', '7e3abeb5-e7c7-4582-8e67-72c37b13a1f6', 'Non Critical', 'Half yearly', 'May- Nov', 1290);
INSERT INTO machines (id, code, name, line_id, sub_line_id, type, maintenance_frequency, pm_plan_year, uptime) VALUES ('08431cdb-d157-4930-98a2-56d5c9319696', 'F M PMC 21', 'HOSE ASSEMBLY- I', '5dee6b57-476a-40cb-bacc-e4908400d5d9', '7e3abeb5-e7c7-4582-8e67-72c37b13a1f6', 'Non Critical', 'Half yearly', 'Mar - Sept', 1290);
INSERT INTO machines (id, code, name, line_id, sub_line_id, type, maintenance_frequency, pm_plan_year, uptime) VALUES ('6fc9bcf6-e4f2-4535-918b-c2cc54095baa', 'F M PMC 22', 'HOSE ASSEMBLY - II', '5dee6b57-476a-40cb-bacc-e4908400d5d9', '7e3abeb5-e7c7-4582-8e67-72c37b13a1f6', 'Non Critical', 'Half yearly', 'Mar - Sept', 1290);
INSERT INTO machines (id, code, name, line_id, sub_line_id, type, maintenance_frequency, pm_plan_year, uptime) VALUES ('dbe29c7c-aadc-4fdf-a378-e81c402abc8f', 'F M PMC 24', 'TMBS ASLY,JET PUMP CHAMBER COVER ASSY', '5dee6b57-476a-40cb-bacc-e4908400d5d9', '7e3abeb5-e7c7-4582-8e67-72c37b13a1f6', 'Non Critical', 'Half yearly', 'Feb - Aug', 1290);
INSERT INTO machines (id, code, name, line_id, sub_line_id, type, maintenance_frequency, pm_plan_year, uptime) VALUES ('1eb7d9f8-b42a-4cb5-a8de-3c4ca673611d', 'F M PMC 26', 'FLOW TESTING,COVER -RESERVOIR SG FDM ASSY,FDM SOLDERING', '5dee6b57-476a-40cb-bacc-e4908400d5d9', '7e3abeb5-e7c7-4582-8e67-72c37b13a1f6', 'Non Critical', 'Half yearly', 'May- Nov', 1290);
INSERT INTO machines (id, code, name, line_id, sub_line_id, type, maintenance_frequency, pm_plan_year, uptime) VALUES ('c18dc1c5-9fd3-4d19-8006-06f62ffaaab2', 'F M PMC 28', 'HOSE  ASSEMBLY', '5dee6b57-476a-40cb-bacc-e4908400d5d9', '7e3abeb5-e7c7-4582-8e67-72c37b13a1f6', 'Non Critical', 'Half yearly', 'May- Nov', 1290);
INSERT INTO machines (id, code, name, line_id, sub_line_id, type, maintenance_frequency, pm_plan_year, uptime) VALUES ('a55d4cad-7853-4764-972d-6425fc50ea2f', 'F M PMC 10,20', '2.2  & 1.5 LCV INSERT CAP & COOLANT  INLET TUBE &  SHALL ASSY.', '5dee6b57-476a-40cb-bacc-e4908400d5d9', '7e3abeb5-e7c7-4582-8e67-72c37b13a1f6', 'Non Critical', 'Half yearly', 'Apr-Oct', 1290);
INSERT INTO machines (id, code, name, line_id, sub_line_id, type, maintenance_frequency, pm_plan_year, uptime) VALUES ('1a0d5271-f98c-44fb-b5f4-cc981c047afa', 'F M PMC 52', 'CORE & SHALL  ASSY. 0.8 L & 1.5 LPV', '5dee6b57-476a-40cb-bacc-e4908400d5d9', '7e3abeb5-e7c7-4582-8e67-72c37b13a1f6', 'Non Critical', 'Half yearly', 'Apr-Oct', 1290);
INSERT INTO machines (id, code, name, line_id, sub_line_id, type, maintenance_frequency, pm_plan_year, uptime) VALUES ('d247d6f0-3b9a-467b-94dc-d8ebe2654645', 'MF PM CS MF01', 'WELDMETNT ASSEMBLY( V710 )', 'a31103f3-2cf8-4763-89cb-06ca8e40e5b7', '3017f5c0-d04d-4cc8-9795-e6b51fa5b84f', 'Non Critical', 'Half yearly', 'Feb-Aug', 1290);
INSERT INTO machines (id, code, name, line_id, sub_line_id, type, maintenance_frequency, pm_plan_year, uptime) VALUES ('8d903428-9066-46ff-8176-74d1f72cd774', 'MF PM CS MF15', 'WELDMENT ASSEMBLY ( U725/P703(GA,HA)', 'a31103f3-2cf8-4763-89cb-06ca8e40e5b7', '3017f5c0-d04d-4cc8-9795-e6b51fa5b84f', 'Non Critical', 'Half yearly', 'Apr-Oct', 1290);
INSERT INTO machines (id, code, name, line_id, sub_line_id, type, maintenance_frequency, pm_plan_year, uptime) VALUES ('b0f0f2b3-9dc5-4f3e-bd26-a42d5ca8d871', 'MF PM CS MF32', 'WELDMENT ASSEMBLY ( U725/P703(GA,HA) )', 'a31103f3-2cf8-4763-89cb-06ca8e40e5b7', '3017f5c0-d04d-4cc8-9795-e6b51fa5b84f', 'Non Critical', 'Half yearly', 'Apr-Oct', 1290);
INSERT INTO machines (id, code, name, line_id, sub_line_id, type, maintenance_frequency, pm_plan_year, uptime) VALUES ('6b03a021-4570-49d3-ad40-d79f1299b215', 'MF PM CS MF18', 'PIPE FLAIRING ( U725/P703(GA,HA)', 'a31103f3-2cf8-4763-89cb-06ca8e40e5b7', '3017f5c0-d04d-4cc8-9795-e6b51fa5b84f', 'Non Critical', 'Half yearly', 'May-Nov', 1290);
INSERT INTO machines (id, code, name, line_id, sub_line_id, type, maintenance_frequency, pm_plan_year, uptime) VALUES ('2fa60635-c1e7-41af-a70b-7dfea7fb0f14', 'MF PM CS MF24', 'PIPE FLAIRING ( W601/MG )', 'a31103f3-2cf8-4763-89cb-06ca8e40e5b7', '3017f5c0-d04d-4cc8-9795-e6b51fa5b84f', 'Non Critical', 'Half yearly', 'Feb-Aug', 1290);
INSERT INTO machines (id, code, name, line_id, sub_line_id, type, maintenance_frequency, pm_plan_year, uptime) VALUES ('460b0aa0-d799-4532-8875-dfd632860aec', 'MF PM CS MF08', 'LASER MARKING ( V710 )', 'a31103f3-2cf8-4763-89cb-06ca8e40e5b7', '3017f5c0-d04d-4cc8-9795-e6b51fa5b84f', 'Non Critical', 'Half yearly', 'Apr-Oct', 1290);
INSERT INTO machines (id, code, name, line_id, sub_line_id, type, maintenance_frequency, pm_plan_year, uptime) VALUES ('4c38331d-52ff-4490-8675-a1333fb064a0', 'MF PM CS MF31', 'LASER MARKING ( MMA OHX )', 'a31103f3-2cf8-4763-89cb-06ca8e40e5b7', '3017f5c0-d04d-4cc8-9795-e6b51fa5b84f', 'Non Critical', 'Half yearly', 'Feb-Aug', 1290);
INSERT INTO machines (id, code, name, line_id, sub_line_id, type, maintenance_frequency, pm_plan_year, uptime) VALUES ('33bc93cd-547f-4ce0-a986-587cbd891ca2', 'MF PM CS MF36', 'LASER MARKING ( MMA CDN )', 'a31103f3-2cf8-4763-89cb-06ca8e40e5b7', '3017f5c0-d04d-4cc8-9795-e6b51fa5b84f', 'Non Critical', 'Half yearly', 'May-Nov', 1290);
INSERT INTO machines (id, code, name, line_id, sub_line_id, type, maintenance_frequency, pm_plan_year, uptime) VALUES ('ccfe2433-32bf-4697-a923-081ca914246b', 'MF PM CS MF21', 'FINAL INSPECTION & LASER MARKING ( U725/P703(GA,HA)', 'a31103f3-2cf8-4763-89cb-06ca8e40e5b7', '3017f5c0-d04d-4cc8-9795-e6b51fa5b84f', 'Non Critical', 'Half yearly', 'May-Nov', 1290);
INSERT INTO machines (id, code, name, line_id, sub_line_id, type, maintenance_frequency, pm_plan_year, uptime) VALUES ('5b5990f9-7661-44a2-9e0d-6b704d2692af', 'MF PM CS WC01', 'COOLENT SPOUT FLAIRING  (WCAC)', '3287130a-eb54-4a5d-9f28-fc01a79876ad', '0d8ad5af-7c8e-4f06-8acc-dc4c0a265675', 'Critical', 'Half yearly', 'Jul-Jan', 1290);
INSERT INTO machines (id, code, name, line_id, sub_line_id, type, maintenance_frequency, pm_plan_year, uptime) VALUES ('7b6a2aef-ce1e-4227-904b-2bc36e28df5f', 'MF PM CS WC02', 'RUNNER SPOUT FLAIRING D.GAS (WCAC)', '3287130a-eb54-4a5d-9f28-fc01a79876ad', '0d8ad5af-7c8e-4f06-8acc-dc4c0a265675', 'Critical', 'Half yearly', 'Jul-Jan', 1290);
-- Additional machines
INSERT INTO machines (id, code, name, line_id, sub_line_id, type, maintenance_frequency, pm_plan_year, uptime) VALUES ('a92761d8-7aba-4541-9d5e-d1ca8876cad3', 'MF PM CS M09', 'CRIMP INLET (ECM)', 'f2acb9be-5fb7-464f-9c65-d9b4488f29a2', '23dc4e30-76d9-41d6-bfdd-c9502ccf3009', 'Critical', 'Monthly', 'Monthly', 1290);
INSERT INTO machines (id, code, name, line_id, sub_line_id, type, maintenance_frequency, pm_plan_year, uptime) VALUES ('5c6533d0-bd3f-4fbb-91af-497c93c3df80', 'MF PM CS M10', 'CRIMP OUTLET (ECM)', 'f2acb9be-5fb7-464f-9c65-d9b4488f29a2', '23dc4e30-76d9-41d6-bfdd-c9502ccf3009', 'Critical', 'Monthly', 'Monthly', 1290);
INSERT INTO machines (id, code, name, line_id, sub_line_id, type, maintenance_frequency, pm_plan_year, uptime) VALUES ('6b25f6de-f77d-41b2-bd65-103ca9145614', 'MF PM CS E10', 'CRIMP MACHINE INLET  ( I/C Cell )', 'f2acb9be-5fb7-464f-9c65-d9b4488f29a2', 'b90bab5b-181f-4649-8d61-8c0c1e757693', 'Non Critical', 'Monthly', 'Monthly', 1290);
INSERT INTO machines (id, code, name, line_id, sub_line_id, type, maintenance_frequency, pm_plan_year, uptime) VALUES ('e829d14e-ad0c-4ba7-be43-c60fcae80d96', 'MF PM CS E12', 'CRIMP MACHINE OUTLET  ( I/C Cell )', 'f2acb9be-5fb7-464f-9c65-d9b4488f29a2', 'b90bab5b-181f-4649-8d61-8c0c1e757693', 'Non Critical', 'Monthly', 'Monthly', 1290);
INSERT INTO machines (id, code, name, line_id, sub_line_id, type, maintenance_frequency, pm_plan_year, uptime) VALUES ('cc17aa65-9100-48a4-8e66-6a236d959b22', 'MF PM CS G01', 'CRIMP INLET (GAMMA)', 'f2acb9be-5fb7-464f-9c65-d9b4488f29a2', '297c3cd8-bfd1-43a8-8fdf-dd18bf1aca1e', 'Critical', 'Quarterly', 'Feb-May-Aug-Nov', 1290);
INSERT INTO machines (id, code, name, line_id, sub_line_id, type, maintenance_frequency, pm_plan_year, uptime) VALUES ('97873aac-d754-4470-ad89-6db595b9a478', 'MF PM CS G02', 'CRIMP OUTLET (GAMMA)', 'f2acb9be-5fb7-464f-9c65-d9b4488f29a2', '297c3cd8-bfd1-43a8-8fdf-dd18bf1aca1e', 'Critical', 'Quarterly', 'Feb-May-Aug-Nov', 1290);
INSERT INTO machines (id, code, name, line_id, sub_line_id, type, maintenance_frequency, pm_plan_year, uptime) VALUES ('0f30c646-a6df-43f4-b87c-7bada296052e', 'MF PM CS CD30', 'SIDE SUPPORT WAVE CRIMPING', 'a31103f3-2cf8-4763-89cb-06ca8e40e5b7', '3017f5c0-d04d-4cc8-9795-e6b51fa5b84f', 'Non Critical', 'Quarterly', 'Mar-Jun-Sep-Dec', 1290);
INSERT INTO machines (id, code, name, line_id, sub_line_id, type, maintenance_frequency, pm_plan_year, uptime) VALUES ('dae7a0d9-9baa-41b1-b992-3fdca270af51', 'MF PM CS MGMM05', 'CRIMPING MACHINE (MG RADIATOR)', 'f2acb9be-5fb7-464f-9c65-d9b4488f29a2', '2ba0f173-5478-47be-ac8a-8500bed07e46', 'Non Critical', 'Quarterly', 'Feb-May-Aug-Nov', 1290);
INSERT INTO machines (id, code, name, line_id, sub_line_id, type, maintenance_frequency, pm_plan_year, uptime) VALUES ('31b0a6a8-6995-4a51-9aaf-6ad19d222782', 'MF PM CS FT13', 'CRIMPING (AC LINE)', '4860a4b7-0f8c-4faf-8763-3ce7213dc065', '568e05dd-4742-41f6-9319-e6874fcb4c9a', 'Non Critical', 'Quarterly', 'Jan-Apr-Jul-Oct', 1290);
INSERT INTO machines (id, code, name, line_id, sub_line_id, type, maintenance_frequency, pm_plan_year, uptime) VALUES ('35a49ad7-6444-4bf1-bf5f-7a0586d5a768', 'MF PM CS U22', 'CHANGE OVER TROLLY (CRIMP MACHINE)', 'f2acb9be-5fb7-464f-9c65-d9b4488f29a2', '23dc4e30-76d9-41d6-bfdd-c9502ccf3009', 'Non Critical', 'Monthly', 'Monthly', 1290);
INSERT INTO machines (id, code, name, line_id, sub_line_id, type, maintenance_frequency, pm_plan_year, uptime) VALUES ('845a9da4-05e4-4909-8336-ff133dd6ef1b', 'MF PM CS M11', 'DRY LEAK TEST & PRINTER (ECM)', 'f2acb9be-5fb7-464f-9c65-d9b4488f29a2', '23dc4e30-76d9-41d6-bfdd-c9502ccf3009', 'Critical', 'Monthly', 'Monthly', 1290);
INSERT INTO machines (id, code, name, line_id, sub_line_id, type, maintenance_frequency, pm_plan_year, uptime) VALUES ('cf6f1b1a-b166-49b4-8020-abcaf3ec034d', 'MF PM CS E11', 'DRY LEAK TEST & PRINTER ( I/C Cell )', 'f2acb9be-5fb7-464f-9c65-d9b4488f29a2', 'b90bab5b-181f-4649-8d61-8c0c1e757693', 'Non Critical', 'Quarterly', 'Feb-May-Aug-Nov', 1290);
INSERT INTO machines (id, code, name, line_id, sub_line_id, type, maintenance_frequency, pm_plan_year, uptime) VALUES ('5edc549c-566f-4afe-ae57-e72f2031ca82', 'MF PM CS G06', 'DRY LEAK TEST & PRINTER (GAMMA )', 'f2acb9be-5fb7-464f-9c65-d9b4488f29a2', '297c3cd8-bfd1-43a8-8fdf-dd18bf1aca1e', 'Critical', 'Quarterly', 'Feb-May-Aug-Nov', 1290);
INSERT INTO machines (id, code, name, line_id, sub_line_id, type, maintenance_frequency, pm_plan_year, uptime) VALUES ('565fe6a7-2a60-4679-9275-46563fef716d', 'MF PM CS CD21', 'AIR LEAK TESTER-1', 'f2acb9be-5fb7-464f-9c65-d9b4488f29a2', '24b432de-aa73-4562-8a29-4c9eeda437c9', 'Non Critical', 'Quarterly', 'Jan-Apr-Jul-Oct', 1290);
INSERT INTO machines (id, code, name, line_id, sub_line_id, type, maintenance_frequency, pm_plan_year, uptime) VALUES ('a83669a8-dd4e-477b-9db4-1cfaad91eded', 'MF PM CS CD33', 'AIR LEAK TESTER-2', 'f2acb9be-5fb7-464f-9c65-d9b4488f29a2', '24b432de-aa73-4562-8a29-4c9eeda437c9', 'Non Critical', 'Quarterly', 'Mar-Jun-Sep-Dec', 1290);
INSERT INTO machines (id, code, name, line_id, sub_line_id, type, maintenance_frequency, pm_plan_year, uptime) VALUES ('624dc9f5-55e2-45a0-bf8b-0c4b65764769', 'MF PM CS MGMM09', 'LEAK TESTING (MG RADIATOR)', 'f2acb9be-5fb7-464f-9c65-d9b4488f29a2', '2ba0f173-5478-47be-ac8a-8500bed07e46', 'Non Critical', 'Quarterly', 'Mar-Jun-Sept-Dec', 1290);
INSERT INTO machines (id, code, name, line_id, sub_line_id, type, maintenance_frequency, pm_plan_year, uptime) VALUES ('fddc8ce3-2296-43c3-a2f7-cb64c1ec6ff5', 'MF PM CS MGMM23', 'DRY LEAK TESTING (MG CAC)', 'f2acb9be-5fb7-464f-9c65-d9b4488f29a2', '2ba0f173-5478-47be-ac8a-8500bed07e46', 'Non Critical', 'Quarterly', 'Feb-May-Aug-Nov', 1290);
INSERT INTO machines (id, code, name, line_id, sub_line_id, type, maintenance_frequency, pm_plan_year, uptime) VALUES ('5d331e85-3c01-4774-8320-aec658238e23', 'MF PM CS MGMM13', 'ILT AND ALT (MG CONDENSOR)', 'f2acb9be-5fb7-464f-9c65-d9b4488f29a2', '24b432de-aa73-4562-8a29-4c9eeda437c9', 'Non Critical', 'Quarterly', 'Jan-Apr-Jul-Oct', 1290);
INSERT INTO machines (id, code, name, line_id, sub_line_id, type, maintenance_frequency, pm_plan_year, uptime) VALUES ('12b67a5e-99a9-4250-af2b-ba3b6e60bc5f', 'MF PM CS M14', 'TOC ASSY. & Dry LEAK TESTING', 'f2acb9be-5fb7-464f-9c65-d9b4488f29a2', '23dc4e30-76d9-41d6-bfdd-c9502ccf3009', 'Non Critical', 'Quarterly', 'Mar-Jun-Sep-Dec', 1290);
INSERT INTO machines (id, code, name, line_id, sub_line_id, type, maintenance_frequency, pm_plan_year, uptime) VALUES ('77ef52ba-0e1f-4a1d-9b6f-5b1775fac982', 'MF PM CS E01', 'FAN & SHROUD TESTING MACHINE-1', 'f2acb9be-5fb7-464f-9c65-d9b4488f29a2', '23dc4e30-76d9-41d6-bfdd-c9502ccf3009', 'Critical', 'Quarterly', 'Feb-May-Aug-Nov', 1290);
INSERT INTO machines (id, code, name, line_id, sub_line_id, type, maintenance_frequency, pm_plan_year, uptime) VALUES ('29412c1c-499a-40c7-9e0b-522e5448ced1', 'MF PM CS E02', 'FAN SHROUD ASSEMBLY & FIXTURES -1', 'f2acb9be-5fb7-464f-9c65-d9b4488f29a2', '23dc4e30-76d9-41d6-bfdd-c9502ccf3009', 'Critical', 'Quarterly', 'Feb-May-Aug-Nov', 1290);
INSERT INTO machines (id, code, name, line_id, sub_line_id, type, maintenance_frequency, pm_plan_year, uptime) VALUES ('5bdf1955-dc71-4ee8-86ff-0d124ccea931', 'MF PM CS E06', 'RADIATOR SHROUD ASSEMBLY & FIXTURES -1', 'f2acb9be-5fb7-464f-9c65-d9b4488f29a2', '23dc4e30-76d9-41d6-bfdd-c9502ccf3009', 'Critical', 'Quarterly', 'Feb-May-Aug-Nov', 1290);
INSERT INTO machines (id, code, name, line_id, sub_line_id, type, maintenance_frequency, pm_plan_year, uptime) VALUES ('d6110bf8-64a5-452c-99e3-fa603c101cec', 'MF PM CS E07', 'FAN & SHROUD TESTING MACHINE-2', 'f2acb9be-5fb7-464f-9c65-d9b4488f29a2', '23dc4e30-76d9-41d6-bfdd-c9502ccf3009', 'Critical', 'Quarterly', 'Feb-May-Aug-Nov', 1290);
INSERT INTO machines (id, code, name, line_id, sub_line_id, type, maintenance_frequency, pm_plan_year, uptime) VALUES ('ab393f0a-6f44-4d50-8bfe-0b2f87a76c43', 'MF PM CS E08', 'FAN SHROUD ASSEMBLY & FIXTURES -2', 'f2acb9be-5fb7-464f-9c65-d9b4488f29a2', '23dc4e30-76d9-41d6-bfdd-c9502ccf3009', 'Critical', 'Quarterly', 'Feb-May-Aug-Nov', 1290);
INSERT INTO machines (id, code, name, line_id, sub_line_id, type, maintenance_frequency, pm_plan_year, uptime) VALUES ('bc023e1c-adb3-4ed9-9c95-acb341b46324', 'MF PM CS E09', 'RADIATOR SHROUD ASSEMBLY & FIXTURES -2', 'f2acb9be-5fb7-464f-9c65-d9b4488f29a2', '23dc4e30-76d9-41d6-bfdd-c9502ccf3009', 'Critical', 'Quarterly', 'Feb-May-Aug-Nov', 1290);
INSERT INTO machines (id, code, name, line_id, sub_line_id, type, maintenance_frequency, pm_plan_year, uptime) VALUES ('578b427e-ba59-4522-bcc4-2439c8815b41', 'MF PM CS E13', 'FAN BALANCING-1 (ECM-A)', 'f2acb9be-5fb7-464f-9c65-d9b4488f29a2', '23dc4e30-76d9-41d6-bfdd-c9502ccf3009', 'Critical', 'Quarterly', 'Jan-Apr-Jul-Oct', 1290);
INSERT INTO machines (id, code, name, line_id, sub_line_id, type, maintenance_frequency, pm_plan_year, uptime) VALUES ('61c20c1c-51d9-4be2-b83a-0c938d2da3da', 'MF PM CS E14', 'FAN BALANCING-2 (ECM-A) SPD', 'f2acb9be-5fb7-464f-9c65-d9b4488f29a2', '23dc4e30-76d9-41d6-bfdd-c9502ccf3009', 'Critical', 'Quarterly', 'Jan-Apr-Jul-Oct', 1290);
INSERT INTO machines (id, code, name, line_id, sub_line_id, type, maintenance_frequency, pm_plan_year, uptime) VALUES ('e34d7d27-3772-407c-98df-beed47447bf6', 'MF PM CS E16', 'FAN BALANCING-2 (ECM-B)', 'f2acb9be-5fb7-464f-9c65-d9b4488f29a2', '23dc4e30-76d9-41d6-bfdd-c9502ccf3009', 'Critical', 'Quarterly', 'Jan-Apr-Jul-Oct', 1290);
INSERT INTO machines (id, code, name, line_id, sub_line_id, type, maintenance_frequency, pm_plan_year, uptime) VALUES ('dc4d9f6c-3860-4bbe-a844-f454767792b4', 'MF PM CS M13', 'RADIATOR  CONVEYOR', 'f2acb9be-5fb7-464f-9c65-d9b4488f29a2', '23dc4e30-76d9-41d6-bfdd-c9502ccf3009', 'Critical', 'Quarterly', 'Feb-May-Aug-Nov', 1290);
INSERT INTO machines (id, code, name, line_id, sub_line_id, type, maintenance_frequency, pm_plan_year, uptime) VALUES ('e6ce7651-1df1-4d05-8181-b75235e8272f', 'MF PM CS G03', 'SWITCH ASSY-1 (GAMMA)', 'f2acb9be-5fb7-464f-9c65-d9b4488f29a2', '297c3cd8-bfd1-43a8-8fdf-dd18bf1aca1e', 'Critical', 'Quarterly', 'Feb-May-Aug-Nov', 1290);
INSERT INTO machines (id, code, name, line_id, sub_line_id, type, maintenance_frequency, pm_plan_year, uptime) VALUES ('e89feae8-e758-471f-b0f9-ea980fe901e0', 'MF PM CS G04', 'PIPE ASSY-1 (GAMMA)', 'f2acb9be-5fb7-464f-9c65-d9b4488f29a2', '297c3cd8-bfd1-43a8-8fdf-dd18bf1aca1e', 'Critical', 'Quarterly', 'Feb-May-Aug-Nov', 1290);
INSERT INTO machines (id, code, name, line_id, sub_line_id, type, maintenance_frequency, pm_plan_year, uptime) VALUES ('38edeb05-4f7c-4461-94f2-9f024e3c643d', 'MF PM CS G05', 'BRACKET ASSY-1 (GAMMA)', 'f2acb9be-5fb7-464f-9c65-d9b4488f29a2', '297c3cd8-bfd1-43a8-8fdf-dd18bf1aca1e', 'Critical', 'Quarterly', 'Feb-May-Aug-Nov', 1290);
INSERT INTO machines (id, code, name, line_id, sub_line_id, type, maintenance_frequency, pm_plan_year, uptime) VALUES ('08a21034-96c2-4113-b5a3-917eda36e5f5', 'MF PM CS G07', 'SWITCH ASSY-2 (GAMMA)', 'f2acb9be-5fb7-464f-9c65-d9b4488f29a2', '297c3cd8-bfd1-43a8-8fdf-dd18bf1aca1e', 'Critical', 'Quarterly', 'May-Aug-Nov-Feb', 1290);
INSERT INTO machines (id, code, name, line_id, sub_line_id, type, maintenance_frequency, pm_plan_year, uptime) VALUES ('3b379608-6ada-4cba-aae9-e6ae04c5f425', 'MF PM CS G08', 'PIPE ASSY-2 (GAMMA)', 'f2acb9be-5fb7-464f-9c65-d9b4488f29a2', '297c3cd8-bfd1-43a8-8fdf-dd18bf1aca1e', 'Critical', 'Quarterly', 'May-Aug-Nov-Feb', 1290);
INSERT INTO machines (id, code, name, line_id, sub_line_id, type, maintenance_frequency, pm_plan_year, uptime) VALUES ('733bc659-a99d-44b1-a901-779ed8e5fcf8', 'MF PM CS G09', 'BRACKET ASSY-2 (GAMMA)', 'f2acb9be-5fb7-464f-9c65-d9b4488f29a2', '297c3cd8-bfd1-43a8-8fdf-dd18bf1aca1e', 'Critical', 'Quarterly', 'May-Aug-Nov-Feb', 1290);
INSERT INTO machines (id, code, name, line_id, sub_line_id, type, maintenance_frequency, pm_plan_year, uptime) VALUES ('0ceede71-3ba8-4482-a87a-14ac2d9192ef', 'MF PM CS C01', 'HEADER PRESS-1', 'c72762f8-f534-4388-90ae-601df2babfd4', '1b4ed82a-05e4-4596-ab97-85954501eadd', 'Non Critical', 'Quarterly', 'Feb-May-Aug-Nov', 1290);
INSERT INTO machines (id, code, name, line_id, sub_line_id, type, maintenance_frequency, pm_plan_year, uptime) VALUES ('9a2c97f8-a81a-4297-ba37-1053d735f069', 'MF PM CS C43', 'HEADER PRESS-2', 'c72762f8-f534-4388-90ae-601df2babfd4', '1b4ed82a-05e4-4596-ab97-85954501eadd', 'Critical', 'Quarterly', 'Mar-Jun-Sep-Dec', 1290);
INSERT INTO machines (id, code, name, line_id, sub_line_id, type, maintenance_frequency, pm_plan_year, uptime) VALUES ('9c079c19-b8f4-46f9-a984-8ec7e93d2b97', 'MF PM CS MGMM26', 'HEADER PRESS-3', 'c72762f8-f534-4388-90ae-601df2babfd4', '1b4ed82a-05e4-4596-ab97-85954501eadd', 'Critical', 'Quarterly', 'Mar-Jun-Sep-Dec', 1290);
INSERT INTO machines (id, code, name, line_id, sub_line_id, type, maintenance_frequency, pm_plan_year, uptime) VALUES ('b1fb6b78-3c4f-4ea5-b210-51a0eab6bb6d', 'MF PM CS CD01', 'HOLE MAKING PRESS', 'c72762f8-f534-4388-90ae-601df2babfd4', '1b4ed82a-05e4-4596-ab97-85954501eadd', 'Non Critical', 'Quarterly', 'Feb-May-Aug-Nov', 1290);
INSERT INTO machines (id, code, name, line_id, sub_line_id, type, maintenance_frequency, pm_plan_year, uptime) VALUES ('d8cbf936-bd63-4d42-9c1a-710f4aad4c19', 'MF PM CS C45', 'EOT CRANE', 'c72762f8-f534-4388-90ae-601df2babfd4', '1b4ed82a-05e4-4596-ab97-85954501eadd', 'Non Critical', 'Quarterly', 'Feb-May-Aug-Nov', 1290);
INSERT INTO machines (id, code, name, line_id, sub_line_id, type, maintenance_frequency, pm_plan_year, uptime) VALUES ('81765251-a00b-4d5a-8a2f-d13b37faf88c', 'MF PM CS MGMM28', 'EOT CRANE (CORE BUILDERS)', 'c72762f8-f534-4388-90ae-601df2babfd4', '4a0eb5b3-8258-4214-8701-d018b57ac897', 'Non Critical', 'Quarterly', 'Mar-Jun-Sep-Dec', 1290);
INSERT INTO machines (id, code, name, line_id, sub_line_id, type, maintenance_frequency, pm_plan_year, uptime) VALUES ('a9026690-846c-4f41-a294-5c14dfec70b0', 'MF PM CS MO01', 'MOULDING -1', 'c72762f8-f534-4388-90ae-601df2babfd4', '995f9d6b-d03b-46cc-ba96-091cb61f5c80', 'Non Critical', 'Quarterly', 'Feb-May-Aug-Nov', 1290);
INSERT INTO machines (id, code, name, line_id, sub_line_id, type, maintenance_frequency, pm_plan_year, uptime) VALUES ('97f6930c-9f0c-42e3-bab0-c8ba45aad60e', 'MF PM CS MO02', 'MOULDING -2', 'c72762f8-f534-4388-90ae-601df2babfd4', '995f9d6b-d03b-46cc-ba96-091cb61f5c80', 'Non Critical', 'Quarterly', 'Feb-May-Aug-Nov', 1290);
INSERT INTO machines (id, code, name, line_id, sub_line_id, type, maintenance_frequency, pm_plan_year, uptime) VALUES ('483e523e-e85d-4499-93e3-0caaa6512991', 'MF PM CS MO03', 'SHROUD CUTTING', 'c72762f8-f534-4388-90ae-601df2babfd4', '995f9d6b-d03b-46cc-ba96-091cb61f5c80', 'Non Critical', 'Quarterly', 'Mar-Jun-Sep-Dec', 1290);
INSERT INTO machines (id, code, name, line_id, sub_line_id, type, maintenance_frequency, pm_plan_year, uptime) VALUES ('4ab9c6fb-1f04-4400-8704-38ec9746bfcb', 'MF PM CS MO04', 'SHROUD GAUGING', 'c72762f8-f534-4388-90ae-601df2babfd4', '995f9d6b-d03b-46cc-ba96-091cb61f5c80', 'Non Critical', 'Quarterly', 'Mar-Jun-Sep-Dec', 1290);
INSERT INTO machines (id, code, name, line_id, sub_line_id, type, maintenance_frequency, pm_plan_year, uptime) VALUES ('9e5bb4a5-89b5-4837-91ff-4ee42c4dc5ab', 'MF PM CS MO05', 'TANK GAUGING & DRAIN COCK ASSY', 'c72762f8-f534-4388-90ae-601df2babfd4', '995f9d6b-d03b-46cc-ba96-091cb61f5c80', 'Non Critical', 'Quarterly', 'Mar-Jun-Sep-Dec', 1290);
INSERT INTO machines (id, code, name, line_id, sub_line_id, type, maintenance_frequency, pm_plan_year, uptime) VALUES ('ba2491be-168f-42a1-954a-582863853aca', 'MF PM CS MO06', 'P-TANK GAUGING ASSY', 'c72762f8-f534-4388-90ae-601df2babfd4', '995f9d6b-d03b-46cc-ba96-091cb61f5c80', 'Non Critical', 'Quarterly', 'Mar-Jun-Sep-Dec', 1290);
INSERT INTO machines (id, code, name, line_id, sub_line_id, type, maintenance_frequency, pm_plan_year, uptime) VALUES ('37f76618-cf61-48cf-abe2-33f1ef8f09ef', 'MF PM CS MO07', 'ULTRASONIC WELDING', 'c72762f8-f534-4388-90ae-601df2babfd4', '995f9d6b-d03b-46cc-ba96-091cb61f5c80', 'Non Critical', 'Quarterly', 'Mar-Jun-Sep-Dec', 1290);
INSERT INTO machines (id, code, name, line_id, sub_line_id, type, maintenance_frequency, pm_plan_year, uptime) VALUES ('15d52e04-486b-48bf-94dc-5d2aa5459d3d', 'MF PM CS C02', 'FIN MILL -1', 'c72762f8-f534-4388-90ae-601df2babfd4', '4a0eb5b3-8258-4214-8701-d018b57ac897', 'Critical', 'Quarterly', 'Feb-May-Aug-Nov', 1290);
INSERT INTO machines (id, code, name, line_id, sub_line_id, type, maintenance_frequency, pm_plan_year, uptime) VALUES ('d5e34205-6cb5-4961-88c7-7d82b477de1f', 'MF PM CS C12', 'FIN MILL -2', 'c72762f8-f534-4388-90ae-601df2babfd4', '5dfacd33-0fd0-4947-8d2d-1e2a597b7f6d', 'Non Critical', 'Quarterly', 'Mar-Jun-Sep-Dec', 1290);
INSERT INTO machines (id, code, name, line_id, sub_line_id, type, maintenance_frequency, pm_plan_year, uptime) VALUES ('51e895d4-fd54-4aa3-bded-e09a3a2be9bf', 'MF PM CS C47', 'FIN MILL -3', 'c72762f8-f534-4388-90ae-601df2babfd4', '4a0eb5b3-8258-4214-8701-d018b57ac897', 'Critical', 'Quarterly', 'Jan-Apr-Jul-Oct', 1290);
INSERT INTO machines (id, code, name, line_id, sub_line_id, type, maintenance_frequency, pm_plan_year, uptime) VALUES ('59ac9eed-c863-497b-a693-86237e17dd3d', 'MF PM CS C16', 'FIN MILL- 4', 'c72762f8-f534-4388-90ae-601df2babfd4', '5dfacd33-0fd0-4947-8d2d-1e2a597b7f6d', 'Non Critical', 'Quarterly', 'Jan-Apr-Jul-Oct', 1290);
INSERT INTO machines (id, code, name, line_id, sub_line_id, type, maintenance_frequency, pm_plan_year, uptime) VALUES ('a99b9e54-d9f7-4eb9-bed2-02c6c664c69f', 'MF PM CS C22', 'FIN MILL- 5 (MATRIX)', 'c72762f8-f534-4388-90ae-601df2babfd4', '5dfacd33-0fd0-4947-8d2d-1e2a597b7f6d', 'Critical', 'Monthly', 'Monthly', 1290);
INSERT INTO machines (id, code, name, line_id, sub_line_id, type, maintenance_frequency, pm_plan_year, uptime) VALUES ('8b095222-cf89-4965-a7db-1c48fe2eb4c3', 'MF PM CS CD08', 'FIN MILL-6 MATRIX (COND)', 'c72762f8-f534-4388-90ae-601df2babfd4', '164d277b-2b5a-4630-b11d-4ec5e078626d', 'Non Critical', 'Quarterly', 'Mar-Jun-Sep-Dec', 1290);
INSERT INTO machines (id, code, name, line_id, sub_line_id, type, maintenance_frequency, pm_plan_year, uptime) VALUES ('e3ff93fb-f3c3-4644-81b3-8c5812954e17', 'MF PM CS C40', 'FIN MILL-7 (AUTO FIN INSERTION)', 'c72762f8-f534-4388-90ae-601df2babfd4', '4a0eb5b3-8258-4214-8701-d018b57ac897', 'Critical', 'Monthly', 'Monthly', 1290);
INSERT INTO machines (id, code, name, line_id, sub_line_id, type, maintenance_frequency, pm_plan_year, uptime) VALUES ('c704638b-4c03-4d4f-8f63-d019efa82658', 'MF PM CS C42', 'FIN MILL-8 (MATRIX)', 'c72762f8-f534-4388-90ae-601df2babfd4', '5dfacd33-0fd0-4947-8d2d-1e2a597b7f6d', 'Non Critical', 'Quarterly', 'Jan-Apr-Jul-Oct', 1290);
INSERT INTO machines (id, code, name, line_id, sub_line_id, type, maintenance_frequency, pm_plan_year, uptime) VALUES ('3c241e8d-a02b-44a7-a6ed-ddf302b8b3d6', 'MF PM CS CD26', 'FIN MILL-9 MATRIX (COND)', 'c72762f8-f534-4388-90ae-601df2babfd4', '164d277b-2b5a-4630-b11d-4ec5e078626d', 'Non Critical', 'Quarterly', 'Mar-Jun-Sep-Dec', 1290);
INSERT INTO machines (id, code, name, line_id, sub_line_id, type, maintenance_frequency, pm_plan_year, uptime) VALUES ('1889c4ce-2e0a-4e9b-b566-8636249d141d', 'MF PM CS C48', 'FIN MILL-10 (AUTO FIN INSERTION)', 'c72762f8-f534-4388-90ae-601df2babfd4', '4a0eb5b3-8258-4214-8701-d018b57ac897', 'Critical', 'Quarterly', 'Mar-Jun-Sep-Dec', 1290);
INSERT INTO machines (id, code, name, line_id, sub_line_id, type, maintenance_frequency, pm_plan_year, uptime) VALUES ('e9c78b0d-f719-455a-9a9e-b4945517a9d0', 'MF PM CS MGMM11', 'FIN MILL MATRIX-11 (MG CONDENSOR)', 'c72762f8-f534-4388-90ae-601df2babfd4', '164d277b-2b5a-4630-b11d-4ec5e078626d', 'Critical', 'Quarterly', 'Jan-Apr-Jul-Oct', 1290);
INSERT INTO machines (id, code, name, line_id, sub_line_id, type, maintenance_frequency, pm_plan_year, uptime) VALUES ('a504786f-d1d4-4d1c-bffb-9a10425f3148', 'MF PM CS MGMM03', 'FIN MILL-12 MATRIX (MG RADIATOR)', 'c72762f8-f534-4388-90ae-601df2babfd4', '06216fff-6dbb-463d-9d7e-5f53b3bf297e', 'Non Critical', 'Quarterly', 'Jan-Apr-Jul-Oct', 1290);
INSERT INTO machines (id, code, name, line_id, sub_line_id, type, maintenance_frequency, pm_plan_year, uptime) VALUES ('1b663bf1-81e8-45fc-b1ff-9e5de0529fce', 'MF PM CS CD36', 'FIN MILL-13 MATRIX (COND)', 'c72762f8-f534-4388-90ae-601df2babfd4', '164d277b-2b5a-4630-b11d-4ec5e078626d', 'Critical', 'Quarterly', 'Apr-Jul-Oct-Jan', 1290);
INSERT INTO machines (id, code, name, line_id, sub_line_id, type, maintenance_frequency, pm_plan_year, uptime) VALUES ('07998d6e-13eb-4dfc-bdbe-a370bb173d28', 'MF PM CS C44', 'CORE BUILDER-1 MATRIX GAMMA (CAC)', 'c72762f8-f534-4388-90ae-601df2babfd4', '4a0eb5b3-8258-4214-8701-d018b57ac897', 'Critical', 'Quarterly', 'Mar-Jun-Sep-Dec', 1290);
INSERT INTO machines (id, code, name, line_id, sub_line_id, type, maintenance_frequency, pm_plan_year, uptime) VALUES ('eaee4111-9a88-4c52-b52a-9b8759e38f5b', 'MF PM CS C03', 'CORE BUILDER-2 MATRIX GAMMA (CAC)', 'c72762f8-f534-4388-90ae-601df2babfd4', '4a0eb5b3-8258-4214-8701-d018b57ac897', 'Critical', 'Quarterly', 'Jan-Apr-Jul-Oct', 1290);
INSERT INTO machines (id, code, name, line_id, sub_line_id, type, maintenance_frequency, pm_plan_year, uptime) VALUES ('b1ea6d7b-d1e3-4b3b-a994-30c4bea9fa15', 'MF PM CS C04', 'CORE BUILDER-1 (CAC)', 'c72762f8-f534-4388-90ae-601df2babfd4', '7f9c7c71-3656-483b-b1d1-d158792d5324', 'Non Critical', 'Quarterly', 'Mar-Jun-Sep-Dec', 1290);
INSERT INTO machines (id, code, name, line_id, sub_line_id, type, maintenance_frequency, pm_plan_year, uptime) VALUES ('6f753c52-3105-4c5c-a407-4ac969d65662', 'MF PM CS C14', 'CORE BUILDER-2 (CAC)', 'c72762f8-f534-4388-90ae-601df2babfd4', '7f9c7c71-3656-483b-b1d1-d158792d5324', 'Non Critical', 'Quarterly', 'Mar-Jun-Sep-Dec', 1290);
INSERT INTO machines (id, code, name, line_id, sub_line_id, type, maintenance_frequency, pm_plan_year, uptime) VALUES ('4746d24a-9f9b-420a-a49a-b9b3f0e05167', 'MF PM CS C38', 'CORE BUILDER (H79)-4 (CAC)', 'c72762f8-f534-4388-90ae-601df2babfd4', '7f9c7c71-3656-483b-b1d1-d158792d5324', 'Non Critical', 'Quarterly', 'Feb-May-Aug-Nov', 1290);
INSERT INTO machines (id, code, name, line_id, sub_line_id, type, maintenance_frequency, pm_plan_year, uptime) VALUES ('38063b36-9f58-424d-9f6d-0b8e8b2be1f0', 'MF PM CS C05', 'CORE BUILDER -1 (RAD)', 'c72762f8-f534-4388-90ae-601df2babfd4', '5dfacd33-0fd0-4947-8d2d-1e2a597b7f6d', 'Non Critical', 'Quarterly', 'Feb-May-Aug-Nov', 1290);
INSERT INTO machines (id, code, name, line_id, sub_line_id, type, maintenance_frequency, pm_plan_year, uptime) VALUES ('1a721195-af7d-4254-aaf4-91c4de839664', 'MF PM CS C17', 'CORE BUILDER-  2 (RAD)', 'c72762f8-f534-4388-90ae-601df2babfd4', '5dfacd33-0fd0-4947-8d2d-1e2a597b7f6d', 'Non Critical', 'Quarterly', 'Jan-Apr-Jul-Oct', 1290);
INSERT INTO machines (id, code, name, line_id, sub_line_id, type, maintenance_frequency, pm_plan_year, uptime) VALUES ('a612b82a-b68e-497d-a931-611e0822b9f7', 'MF PM CS C46', 'CORE BUILDER-4 (RAD)', 'c72762f8-f534-4388-90ae-601df2babfd4', '5dfacd33-0fd0-4947-8d2d-1e2a597b7f6d', 'Non Critical', 'Quarterly', 'Jan-Apr-Jul-Oct', 1290);
INSERT INTO machines (id, code, name, line_id, sub_line_id, type, maintenance_frequency, pm_plan_year, uptime) VALUES ('da1bcb27-de5f-4307-a7c8-8338924199b7', 'MF PM CS C41', 'CORE BUILDER -5 MATRIX (RAD)', 'c72762f8-f534-4388-90ae-601df2babfd4', '5dfacd33-0fd0-4947-8d2d-1e2a597b7f6d', 'Critical', 'Monthly', 'Monthly', 1290);
INSERT INTO machines (id, code, name, line_id, sub_line_id, type, maintenance_frequency, pm_plan_year, uptime) VALUES ('dd206ea3-b9f5-433a-9708-1e54c990e24e', 'MF PM CS C06', 'CORE BUILDER-6 MATRIX (RAD)', 'c72762f8-f534-4388-90ae-601df2babfd4', '5dfacd33-0fd0-4947-8d2d-1e2a597b7f6d', 'Non Critical', 'Quarterly', 'Jan-Apr-Jul-Oct', 1290);
INSERT INTO machines (id, code, name, line_id, sub_line_id, type, maintenance_frequency, pm_plan_year, uptime) VALUES ('c237d4fc-c591-4d2b-a648-7512b056be12', 'MF PM CS C21', 'CORE BUILDER-7 MATRIX (RAD)', 'c72762f8-f534-4388-90ae-601df2babfd4', '5dfacd33-0fd0-4947-8d2d-1e2a597b7f6d', 'Non Critical', 'Quarterly', 'Jan-Apr-Jul-Oct', 1290);
INSERT INTO machines (id, code, name, line_id, sub_line_id, type, maintenance_frequency, pm_plan_year, uptime) VALUES ('9f9414ae-289a-435f-982c-e318290cdf71', 'MF PM CS MGMM04', 'MATRIX CORE BUILDER-8 (MG RADIATOR)', 'c72762f8-f534-4388-90ae-601df2babfd4', '06216fff-6dbb-463d-9d7e-5f53b3bf297e', 'Non Critical', 'Quarterly', 'Jan-Apr-Jul-Oct', 1290);
INSERT INTO machines (id, code, name, line_id, sub_line_id, type, maintenance_frequency, pm_plan_year, uptime) VALUES ('238a477b-f42f-4c54-9201-7d07448a3149', 'MF PM CS CD09', 'CORE BUILDER-1 MATRIX (COND)', 'c72762f8-f534-4388-90ae-601df2babfd4', '164d277b-2b5a-4630-b11d-4ec5e078626d', 'Non Critical', 'Quarterly', 'Mar-Jun-Sep-Dec', 1290);
INSERT INTO machines (id, code, name, line_id, sub_line_id, type, maintenance_frequency, pm_plan_year, uptime) VALUES ('0b617221-6db8-4c04-90d2-eb43945d00dc', 'MF PM CS CD27', 'CORE BUILDER-2 MATRIX (COND)', 'c72762f8-f534-4388-90ae-601df2babfd4', '164d277b-2b5a-4630-b11d-4ec5e078626d', 'Non Critical', 'Quarterly', 'Mar-Jun-Sep-Dec', 1290);
INSERT INTO machines (id, code, name, line_id, sub_line_id, type, maintenance_frequency, pm_plan_year, uptime) VALUES ('ee87e9c5-0789-4594-aa3f-db8d4b991954', 'MF PM CS MGMM12', 'MATRIX CORE BUILDER-3 (MG CONDENSOR)', 'c72762f8-f534-4388-90ae-601df2babfd4', '164d277b-2b5a-4630-b11d-4ec5e078626d', 'Critical', 'Quarterly', 'Jan-Apr-Jul-Oct', 1290);
INSERT INTO machines (id, code, name, line_id, sub_line_id, type, maintenance_frequency, pm_plan_year, uptime) VALUES ('e1bbf61f-074f-4809-ae55-6a5a019bc2ea', 'MF PM CS CD37', 'CORE BUILDER-4 MATRIX (COND)', 'c72762f8-f534-4388-90ae-601df2babfd4', '164d277b-2b5a-4630-b11d-4ec5e078626d', 'Critical', 'Quarterly', 'Apr-Jul-Oct-Jan', 1290);
INSERT INTO machines (id, code, name, line_id, sub_line_id, type, maintenance_frequency, pm_plan_year, uptime) VALUES ('10145d4c-2d1f-4260-821f-eb8cde607167', 'MF PM CS C09', 'FLUXER & FLUX DRIER-1', 'c72762f8-f534-4388-90ae-601df2babfd4', '4a0eb5b3-8258-4214-8701-d018b57ac897', 'Critical', 'Monthly', 'Monthly', 1290);
INSERT INTO machines (id, code, name, line_id, sub_line_id, type, maintenance_frequency, pm_plan_year, uptime) VALUES ('3b1609f9-483e-4935-ba96-01522a0db4d7', 'MF PM CS C24', 'FLUXER & FLUX DRIER-2', 'c72762f8-f534-4388-90ae-601df2babfd4', '5dfacd33-0fd0-4947-8d2d-1e2a597b7f6d', 'Critical', 'Monthly', 'Monthly', 1290);
INSERT INTO machines (id, code, name, line_id, sub_line_id, type, maintenance_frequency, pm_plan_year, uptime) VALUES ('40b2fac8-5d73-4f5d-b5e8-ca39d104d055', 'MF PM CS C31', 'PAINT FLUXING', 'c72762f8-f534-4388-90ae-601df2babfd4', '164d277b-2b5a-4630-b11d-4ec5e078626d', 'Non Critical', 'Quarterly', 'Feb-May-Aug-Nov', 1290);
INSERT INTO machines (id, code, name, line_id, sub_line_id, type, maintenance_frequency, pm_plan_year, uptime) VALUES ('1129e505-b835-4b3a-bc89-8dac375ab1ca', 'MF PM CS C32', 'TUBE DIPPING', 'c72762f8-f534-4388-90ae-601df2babfd4', '5dfacd33-0fd0-4947-8d2d-1e2a597b7f6d', 'Non Critical', 'Quarterly', 'Feb-May-Aug-Nov', 1290);
INSERT INTO machines (id, code, name, line_id, sub_line_id, type, maintenance_frequency, pm_plan_year, uptime) VALUES ('51cff708-4376-451e-ae59-2ab081a9f478', 'MF PM CS CD24', 'ULTRASONIC WASHING -1', 'c72762f8-f534-4388-90ae-601df2babfd4', '164d277b-2b5a-4630-b11d-4ec5e078626d', 'Non Critical', 'Quarterly', 'Jan-Apr-Jul-Oct', 1290);
INSERT INTO machines (id, code, name, line_id, sub_line_id, type, maintenance_frequency, pm_plan_year, uptime) VALUES ('597f4bc7-f920-4281-9190-9bb89f7a91f1', 'MF PM CS FT06', 'ULTRASONIC WASHING-2', '4860a4b7-0f8c-4faf-8763-3ce7213dc065', '568e05dd-4742-41f6-9319-e6874fcb4c9a', 'Non Critical', 'Quarterly', 'Mar-Jun-Sep-Dec', 1290);
INSERT INTO machines (id, code, name, line_id, sub_line_id, type, maintenance_frequency, pm_plan_year, uptime) VALUES ('1de70e90-c703-4b2e-80a7-f9d1c6af8c50', 'MF PM CS MGMM24', 'ULTRASONIC WASHING -3', 'a31103f3-2cf8-4763-89cb-06ca8e40e5b7', '3017f5c0-d04d-4cc8-9795-e6b51fa5b84f', 'Non Critical', 'Quarterly', 'Mar-Jun-Sept-Dec', 1290);
INSERT INTO machines (id, code, name, line_id, sub_line_id, type, maintenance_frequency, pm_plan_year, uptime) VALUES ('3b3c7bc2-a70f-4925-a875-a9c8e743330f', 'MF PM CS CD02', 'BAFFLE CAULKING', 'a31103f3-2cf8-4763-89cb-06ca8e40e5b7', '3017f5c0-d04d-4cc8-9795-e6b51fa5b84f', 'Non Critical', 'Quarterly', 'Feb-May-Aug-Nov', 1290);
INSERT INTO machines (id, code, name, line_id, sub_line_id, type, maintenance_frequency, pm_plan_year, uptime) VALUES ('81fb7e34-b2bc-4a3e-8fec-e507e37a27dc', 'MF PM CS CD15', 'BAFFLE CAULKING (RX)', 'a31103f3-2cf8-4763-89cb-06ca8e40e5b7', '3017f5c0-d04d-4cc8-9795-e6b51fa5b84f', 'Non Critical', 'Quarterly', 'Jan-Apr-Jul-Oct', 1290);
INSERT INTO machines (id, code, name, line_id, sub_line_id, type, maintenance_frequency, pm_plan_year, uptime) VALUES ('d5f66260-2642-4ce6-84f1-18ad4bca17f0', 'MF PM CS CD29', 'BRACKET INSERTION-1', 'c72762f8-f534-4388-90ae-601df2babfd4', '164d277b-2b5a-4630-b11d-4ec5e078626d', 'Non Critical', 'Quarterly', 'Mar-Jun-Sep-Dec', 1290);
INSERT INTO machines (id, code, name, line_id, sub_line_id, type, maintenance_frequency, pm_plan_year, uptime) VALUES ('2d3d9bf0-81de-4f81-97ec-8bf13b19afcc', 'MF PM CS CD45', 'BRACKET INSERTION -2', 'c72762f8-f534-4388-90ae-601df2babfd4', '164d277b-2b5a-4630-b11d-4ec5e078626d', 'Non Critical', 'Quarterly', 'Mar-Jun-Sep-Dec', 1290);
INSERT INTO machines (id, code, name, line_id, sub_line_id, type, maintenance_frequency, pm_plan_year, uptime) VALUES ('b2233ab1-de61-4f6c-8dc3-45f034993bc0', 'MF PM CS CD03', 'BRACKET RIVETING', 'a31103f3-2cf8-4763-89cb-06ca8e40e5b7', '3017f5c0-d04d-4cc8-9795-e6b51fa5b84f', 'Non Critical', 'Quarterly', 'Feb-May-Aug-Nov', 1290);
INSERT INTO machines (id, code, name, line_id, sub_line_id, type, maintenance_frequency, pm_plan_year, uptime) VALUES ('b1eae6e3-8016-4746-9f08-e7d806e0fbc6', 'MF PM CS CD18', 'BRACKET RIVETING (RX)', 'a31103f3-2cf8-4763-89cb-06ca8e40e5b7', '3017f5c0-d04d-4cc8-9795-e6b51fa5b84f', 'Non Critical', 'Quarterly', 'Jan-Apr-Jul-Oct', 1290);
INSERT INTO machines (id, code, name, line_id, sub_line_id, type, maintenance_frequency, pm_plan_year, uptime) VALUES ('8587aad0-a6bd-4fc6-a1b5-bb3c03e71dff', 'MF PM CS MGMM20', 'BRACKET RIVETING (MG CAC)', 'a31103f3-2cf8-4763-89cb-06ca8e40e5b7', '3017f5c0-d04d-4cc8-9795-e6b51fa5b84f', 'Non Critical', 'Quarterly', 'Jan-Apr-Jul-Oct', 1290);
INSERT INTO machines (id, code, name, line_id, sub_line_id, type, maintenance_frequency, pm_plan_year, uptime) VALUES ('87602a47-2ea8-40d1-b9f9-d2cb8b634e19', 'MF PM CS CD04', 'END CAP', 'a31103f3-2cf8-4763-89cb-06ca8e40e5b7', '3017f5c0-d04d-4cc8-9795-e6b51fa5b84f', 'Non Critical', 'Quarterly', 'Feb-May-Aug-Nov', 1290);
INSERT INTO machines (id, code, name, line_id, sub_line_id, type, maintenance_frequency, pm_plan_year, uptime) VALUES ('a2f2ad90-9825-4b8d-bdfd-f8551267920c', 'MF PM CS CD05', 'CONNECTOR & FLANGE FLARING', 'a31103f3-2cf8-4763-89cb-06ca8e40e5b7', '3017f5c0-d04d-4cc8-9795-e6b51fa5b84f', 'Non Critical', 'Quarterly', 'Mar-Jun-Sep-Dec', 1290);
INSERT INTO machines (id, code, name, line_id, sub_line_id, type, maintenance_frequency, pm_plan_year, uptime) VALUES ('3b60e4e2-accf-492f-a0d2-ccc0e530c9f9', 'MF PM CS CD17', 'CONNECTOR & FLANGE FLARING (RX)', 'a31103f3-2cf8-4763-89cb-06ca8e40e5b7', '3017f5c0-d04d-4cc8-9795-e6b51fa5b84f', 'Non Critical', 'Quarterly', 'Jan-Apr-Jul-Oct', 1290);
INSERT INTO machines (id, code, name, line_id, sub_line_id, type, maintenance_frequency, pm_plan_year, uptime) VALUES ('6b9150a2-f3c2-4319-bd88-55b2f96794d1', 'MF PM CS CD06', 'HEADER CAULKING', 'a31103f3-2cf8-4763-89cb-06ca8e40e5b7', '3017f5c0-d04d-4cc8-9795-e6b51fa5b84f', 'Non Critical', 'Quarterly', 'Mar-Jun-Sep-Dec', 1290);
INSERT INTO machines (id, code, name, line_id, sub_line_id, type, maintenance_frequency, pm_plan_year, uptime) VALUES ('32a90ab1-3515-42d1-bea0-475d267d7f3c', 'MF PM CS CD16', 'HEADER CAULKING (RX)', 'a31103f3-2cf8-4763-89cb-06ca8e40e5b7', '3017f5c0-d04d-4cc8-9795-e6b51fa5b84f', 'Non Critical', 'Quarterly', 'Jan-Apr-Jul-Oct', 1290);
INSERT INTO machines (id, code, name, line_id, sub_line_id, type, maintenance_frequency, pm_plan_year, uptime) VALUES ('5401dd95-3f0a-4161-8e5d-bdc2d1c2ccbc', 'MF PM CS CD07', 'BRACKET WELDING', 'a31103f3-2cf8-4763-89cb-06ca8e40e5b7', '3017f5c0-d04d-4cc8-9795-e6b51fa5b84f', 'Non Critical', 'Quarterly', 'Mar-Jun-Sep-Dec', 1290);
INSERT INTO machines (id, code, name, line_id, sub_line_id, type, maintenance_frequency, pm_plan_year, uptime) VALUES ('8b5b8675-2ef3-42e2-94b5-3a3753ad623e', 'MF PM CS CD36', 'PMC WELDING', 'a31103f3-2cf8-4763-89cb-06ca8e40e5b7', '3017f5c0-d04d-4cc8-9795-e6b51fa5b84f', 'Non Critical', 'Quarterly', 'Apr-Jul-Oct-Jan', 1290);
INSERT INTO machines (id, code, name, line_id, sub_line_id, type, maintenance_frequency, pm_plan_year, uptime) VALUES ('0ddb1a8b-0593-4ea4-bab6-939d31ea3038', 'MF PM CS CD23', 'AUTO TIG WELDING-1', 'f2acb9be-5fb7-464f-9c65-d9b4488f29a2', '24b432de-aa73-4562-8a29-4c9eeda437c9', 'Non Critical', 'Quarterly', 'Jan-Apr-Jul-Oct', 1290);
INSERT INTO machines (id, code, name, line_id, sub_line_id, type, maintenance_frequency, pm_plan_year, uptime) VALUES ('816ece5d-fb08-4e18-ba78-94e18a95d6ef', 'MF PM CS CD34', 'AUTO TIG WELDING-2', 'f2acb9be-5fb7-464f-9c65-d9b4488f29a2', '24b432de-aa73-4562-8a29-4c9eeda437c9', 'Non Critical', 'Quarterly', 'Mar-Jun-Sep-Dec', 1290);
INSERT INTO machines (id, code, name, line_id, sub_line_id, type, maintenance_frequency, pm_plan_year, uptime) VALUES ('28636fc0-71e2-4693-8525-9711e836883d', 'MF PM CS MGMM15', 'TIG WEDING-3 (MG CONDENSOR)', 'f2acb9be-5fb7-464f-9c65-d9b4488f29a2', '2ba0f173-5478-47be-ac8a-8500bed07e46', 'Non Critical', 'Quarterly', 'Feb-May-Aug-Nov', 1290);
INSERT INTO machines (id, code, name, line_id, sub_line_id, type, maintenance_frequency, pm_plan_year, uptime) VALUES ('4b17af14-d79e-4a98-9cf2-1c27e27a78c6', 'MF PM CS CD10', 'SIDE SUPPORT', 'a31103f3-2cf8-4763-89cb-06ca8e40e5b7', '3017f5c0-d04d-4cc8-9795-e6b51fa5b84f', 'Non Critical', 'Quarterly', 'Jan-Apr-Jul-Oct', 1290);
INSERT INTO machines (id, code, name, line_id, sub_line_id, type, maintenance_frequency, pm_plan_year, uptime) VALUES ('105e9a94-e8c9-446e-9471-f519882be33e', 'MF PM CS CD31', 'CLAD SIM CUTTING', 'a31103f3-2cf8-4763-89cb-06ca8e40e5b7', '3017f5c0-d04d-4cc8-9795-e6b51fa5b84f', 'Non Critical', 'Quarterly', 'Mar-Jun-Sep-Dec', 1290);
INSERT INTO machines (id, code, name, line_id, sub_line_id, type, maintenance_frequency, pm_plan_year, uptime) VALUES ('8b3fd472-efb9-4b30-a8ea-2a923fa9993f', 'MF PM CS CD11', 'DESICCANT BAG & CAP FILTER ASSY  & I.L.T-1', 'f2acb9be-5fb7-464f-9c65-d9b4488f29a2', '24b432de-aa73-4562-8a29-4c9eeda437c9', 'Non Critical', 'Quarterly', 'Jan-Apr-Jul-Oct', 1290);
INSERT INTO machines (id, code, name, line_id, sub_line_id, type, maintenance_frequency, pm_plan_year, uptime) VALUES ('75720b6a-2b23-420d-8418-650e051385fe', 'MF PM CS CD22', 'DESICANT BAG & CAP FILTER ASSY.& I.L.T-2', 'f2acb9be-5fb7-464f-9c65-d9b4488f29a2', '24b432de-aa73-4562-8a29-4c9eeda437c9', 'Non Critical', 'Quarterly', 'Mar-Jun-Sep-Dec', 1290);
INSERT INTO machines (id, code, name, line_id, sub_line_id, type, maintenance_frequency, pm_plan_year, uptime) VALUES ('174a0fd6-5449-4e79-b6d8-3f288cbc149f', 'MF PM CS MGMM14', 'DESICCANT BAG ASSEMBLY (MG CONDENSOR)', 'f2acb9be-5fb7-464f-9c65-d9b4488f29a2', '24b432de-aa73-4562-8a29-4c9eeda437c9', 'Non Critical', 'Quarterly', 'Feb-May-Aug-Nov', 1290);
INSERT INTO machines (id, code, name, line_id, sub_line_id, type, maintenance_frequency, pm_plan_year, uptime) VALUES ('1e4957d4-c16d-43d5-9409-7d24cb9833e7', 'MF PM CS CD20', 'GAUGING & INSPECTION-1', 'f2acb9be-5fb7-464f-9c65-d9b4488f29a2', '24b432de-aa73-4562-8a29-4c9eeda437c9', 'Non Critical', 'Quarterly', 'Jan-Apr-Jul-Oct', 1290);
INSERT INTO machines (id, code, name, line_id, sub_line_id, type, maintenance_frequency, pm_plan_year, uptime) VALUES ('53bdfdd6-e474-4c44-a936-1edd0d2b08aa', 'MF PM CS CD32', 'GAUGING & INSPECTION-2', 'f2acb9be-5fb7-464f-9c65-d9b4488f29a2', '24b432de-aa73-4562-8a29-4c9eeda437c9', 'Non Critical', 'Quarterly', 'Mar-Jun-Sep-Dec', 1290);
INSERT INTO machines (id, code, name, line_id, sub_line_id, type, maintenance_frequency, pm_plan_year, uptime) VALUES ('829167ed-0d4f-4ec1-a269-71322c8fc446', 'MF PM CS MGMM10', 'GAUGING AND FINAL ASSEM,BLY (MG RADIATOR)', 'f2acb9be-5fb7-464f-9c65-d9b4488f29a2', '2ba0f173-5478-47be-ac8a-8500bed07e46', 'Non Critical', 'Quarterly', 'Mar-Jun-Sept-Dec', 1290);
INSERT INTO machines (id, code, name, line_id, sub_line_id, type, maintenance_frequency, pm_plan_year, uptime) VALUES ('c37938ed-d09b-48eb-8f29-121bb1909552', 'MF PM CS MGMM18', 'FINAL INSPECTION AND GAUGING (MG CONDENSOR)', 'f2acb9be-5fb7-464f-9c65-d9b4488f29a2', '2ba0f173-5478-47be-ac8a-8500bed07e46', 'Non Critical', 'Quarterly', 'Mar-Jun-Sept-Dec', 1290);
INSERT INTO machines (id, code, name, line_id, sub_line_id, type, maintenance_frequency, pm_plan_year, uptime) VALUES ('b0cdb471-452e-4e41-9992-8d627f65d0ad', 'MF PM CS MGMM22', 'FINAL ASSEMBLY AND GAUGING (MG CAC)', 'f2acb9be-5fb7-464f-9c65-d9b4488f29a2', '2ba0f173-5478-47be-ac8a-8500bed07e46', 'Non Critical', 'Quarterly', 'Feb-May-Aug-Nov', 1290);
INSERT INTO machines (id, code, name, line_id, sub_line_id, type, maintenance_frequency, pm_plan_year, uptime) VALUES ('eb3014f9-30dd-48b8-ac0f-37912a1d8d73', 'MF PM CS CD13', 'HELIUM LEAK DETECTOR-1 (AC LINE)', '4860a4b7-0f8c-4faf-8763-3ce7213dc065', '568e05dd-4742-41f6-9319-e6874fcb4c9a', 'Critical', 'Quarterly', 'Mar-Jun-Sep-Dec', 1290);
INSERT INTO machines (id, code, name, line_id, sub_line_id, type, maintenance_frequency, pm_plan_year, uptime) VALUES ('065b40e5-7c7a-4618-abb6-491c9cfce09e', 'MF PM CS CD28', 'HELIUM LEAK DETECTOR-2 (MSIL)', 'f2acb9be-5fb7-464f-9c65-d9b4488f29a2', '24b432de-aa73-4562-8a29-4c9eeda437c9', 'Critical', 'Monthly', 'Monthly', 1290);
INSERT INTO machines (id, code, name, line_id, sub_line_id, type, maintenance_frequency, pm_plan_year, uptime) VALUES ('daa7c1a6-c42c-40c3-a6c1-a9b41d26208f', 'MF PM CS MGMM16', 'HELIUM LEAK DETECTOR-3 (MG CONDENSOR)', 'f2acb9be-5fb7-464f-9c65-d9b4488f29a2', '2ba0f173-5478-47be-ac8a-8500bed07e46', 'Critical', 'Quarterly', 'Mar-Jun-Sept-Dec', 1290);
INSERT INTO machines (id, code, name, line_id, sub_line_id, type, maintenance_frequency, pm_plan_year, uptime) VALUES ('a05635f5-797e-4ee7-8473-64fc786a456d', 'MF PM CS CD14', 'NITROGEN PURGING & FOAM PRESSING', 'f2acb9be-5fb7-464f-9c65-d9b4488f29a2', '24b432de-aa73-4562-8a29-4c9eeda437c9', 'Non Critical', 'Quarterly', 'Jan-Apr-Jul-Oct', 1290);
INSERT INTO machines (id, code, name, line_id, sub_line_id, type, maintenance_frequency, pm_plan_year, uptime) VALUES ('0880776d-7234-4651-8c4c-30a609115125', 'MF PM CS FT02', 'END FORMING-1', '4860a4b7-0f8c-4faf-8763-3ce7213dc065', '568e05dd-4742-41f6-9319-e6874fcb4c9a', 'Non Critical', 'Quarterly', 'Mar-Jun-Sep-Dec', 1290);
INSERT INTO machines (id, code, name, line_id, sub_line_id, type, maintenance_frequency, pm_plan_year, uptime) VALUES ('aa90f17e-000c-429c-9010-eff9af5857c7', 'MF PM CS FT04', 'END FORMING-2', '4860a4b7-0f8c-4faf-8763-3ce7213dc065', '568e05dd-4742-41f6-9319-e6874fcb4c9a', 'Non Critical', 'Quarterly', 'Mar-Jun-Sep-Dec', 1290);
INSERT INTO machines (id, code, name, line_id, sub_line_id, type, maintenance_frequency, pm_plan_year, uptime) VALUES ('08382481-2ea6-4881-b03f-84694790f935', 'MF PM CS FT03', 'ROLL GROOVING-1', '4860a4b7-0f8c-4faf-8763-3ce7213dc065', '568e05dd-4742-41f6-9319-e6874fcb4c9a', 'Non Critical', 'Quarterly', 'Mar-Jun-Sep-Dec', 1290);
INSERT INTO machines (id, code, name, line_id, sub_line_id, type, maintenance_frequency, pm_plan_year, uptime) VALUES ('44693a23-6e8f-4d90-8956-894a4759a3f2', 'MF PM CS FT05', 'ROLL GROOVING-2', '4860a4b7-0f8c-4faf-8763-3ce7213dc065', '568e05dd-4742-41f6-9319-e6874fcb4c9a', 'Non Critical', 'Quarterly', 'Mar-Jun-Sep-Dec', 1290);
INSERT INTO machines (id, code, name, line_id, sub_line_id, type, maintenance_frequency, pm_plan_year, uptime) VALUES ('33315ddd-d5ea-4991-aa0e-5714d8d2bd20', 'MF PM CS FT07', 'BENDING MACHINE-1', '4860a4b7-0f8c-4faf-8763-3ce7213dc065', '568e05dd-4742-41f6-9319-e6874fcb4c9a', 'Non Critical', 'Quarterly', 'Feb-May-Aug-Nov', 1290);
INSERT INTO machines (id, code, name, line_id, sub_line_id, type, maintenance_frequency, pm_plan_year, uptime) VALUES ('789e77ab-1ae5-4154-80d1-89a5e20abbac', 'MF PM CS FT08', 'BENDING MACHINE-2', '4860a4b7-0f8c-4faf-8763-3ce7213dc065', '568e05dd-4742-41f6-9319-e6874fcb4c9a', 'Non Critical', 'Quarterly', 'Feb-May-Aug-Nov', 1290);
INSERT INTO machines (id, code, name, line_id, sub_line_id, type, maintenance_frequency, pm_plan_year, uptime) VALUES ('e9ed5231-4686-43d7-9390-6d89e6ae1116', 'MF PM CS FT09', 'BRAZING MACHINE (2 STATION)-1', '4860a4b7-0f8c-4faf-8763-3ce7213dc065', '568e05dd-4742-41f6-9319-e6874fcb4c9a', 'Non Critical', 'Quarterly', 'Mar-Jun-Sep-Dec', 1290);
INSERT INTO machines (id, code, name, line_id, sub_line_id, type, maintenance_frequency, pm_plan_year, uptime) VALUES ('45baae1d-d8ab-4417-b244-1c5d44425887', 'MF PM CS FT10', 'BRAZING MACHINE (6 STATION)-2', '4860a4b7-0f8c-4faf-8763-3ce7213dc065', '568e05dd-4742-41f6-9319-e6874fcb4c9a', 'Non Critical', 'Quarterly', 'Mar-Jun-Sep-Dec', 1290);
INSERT INTO machines (id, code, name, line_id, sub_line_id, type, maintenance_frequency, pm_plan_year, uptime) VALUES ('191cef93-f501-4235-9105-7bc842510675', 'MF PM CS FT01', 'TUBE CUTTING', '4860a4b7-0f8c-4faf-8763-3ce7213dc065', '568e05dd-4742-41f6-9319-e6874fcb4c9a', 'Non Critical', 'Quarterly', 'Feb-May-Aug-Nov', 1290);
INSERT INTO machines (id, code, name, line_id, sub_line_id, type, maintenance_frequency, pm_plan_year, uptime) VALUES ('4299be6d-b07e-430b-bab7-260c665d9c89', 'MF PM CS FT11', 'PIERCING MACHINE', '4860a4b7-0f8c-4faf-8763-3ce7213dc065', '568e05dd-4742-41f6-9319-e6874fcb4c9a', 'Non Critical', 'Quarterly', 'Jan-Apr-Jul-Oct', 1290);
INSERT INTO machines (id, code, name, line_id, sub_line_id, type, maintenance_frequency, pm_plan_year, uptime) VALUES ('3af30c28-4814-4ba2-a696-1669d6e1f9dd', 'MF PM CS FT12', 'SEALANT APPLICATION', '4860a4b7-0f8c-4faf-8763-3ce7213dc065', '568e05dd-4742-41f6-9319-e6874fcb4c9a', 'Non Critical', 'Quarterly', 'Jan-Apr-Jul-Oct', 1290);
INSERT INTO machines (id, code, name, line_id, sub_line_id, type, maintenance_frequency, pm_plan_year, uptime) VALUES ('fe57db1f-e934-4ef3-8eb5-47e28b14d643', 'MF PM CS FT14', 'CHARGE VALVE ASSEMBLY', '4860a4b7-0f8c-4faf-8763-3ce7213dc065', '568e05dd-4742-41f6-9319-e6874fcb4c9a', 'Non Critical', 'Quarterly', 'Feb-May-Aug-Nov', 1290);
INSERT INTO machines (id, code, name, line_id, sub_line_id, type, maintenance_frequency, pm_plan_year, uptime) VALUES ('b16f0917-4eb7-4296-9422-15987e47d490', 'MF PM CS FT15', 'CLAMP ASSYMBLY', '4860a4b7-0f8c-4faf-8763-3ce7213dc065', '568e05dd-4742-41f6-9319-e6874fcb4c9a', 'Non Critical', 'Quarterly', 'Feb-May-Aug-Nov', 1290);
INSERT INTO machines (id, code, name, line_id, sub_line_id, type, maintenance_frequency, pm_plan_year, uptime) VALUES ('55e123ef-fde3-4d35-9f2d-3327d7df1597', 'MF PM CS FT16', 'PRESSURE SWITCH ASSEMBLY', '4860a4b7-0f8c-4faf-8763-3ce7213dc065', '568e05dd-4742-41f6-9319-e6874fcb4c9a', 'Non Critical', 'Quarterly', 'Jan-Apr-Jul-Oct', 1290);
INSERT INTO machines (id, code, name, line_id, sub_line_id, type, maintenance_frequency, pm_plan_year, uptime) VALUES ('94d40df1-6256-4c81-87f2-fc4f5a0fad54', 'MF PM CS FT17', 'WLT- AC LINE', '4860a4b7-0f8c-4faf-8763-3ce7213dc065', '568e05dd-4742-41f6-9319-e6874fcb4c9a', 'Non Critical', 'Quarterly', 'Feb-May-Aug-Nov', 1290);
INSERT INTO machines (id, code, name, line_id, sub_line_id, type, maintenance_frequency, pm_plan_year, uptime) VALUES ('aaa5d0e3-4ff9-4d71-92a3-32dcf7e03645', 'MF PM CS FT18', 'HOSE CUTTING', '4860a4b7-0f8c-4faf-8763-3ce7213dc065', '568e05dd-4742-41f6-9319-e6874fcb4c9a', 'Non Critical', 'Quarterly', 'Feb-May-Aug-Nov', 1290);
INSERT INTO machines (id, code, name, line_id, sub_line_id, type, maintenance_frequency, pm_plan_year, uptime) VALUES ('6027ff38-eb86-4622-bdbc-e3754725aeda', 'MF PM CS FT19', 'SAW CUTTING MACHINE', '4860a4b7-0f8c-4faf-8763-3ce7213dc065', '568e05dd-4742-41f6-9319-e6874fcb4c9a', 'Non Critical', 'Quarterly', 'Jan-Apr-Jul-Oct', 1290);
INSERT INTO machines (id, code, name, line_id, sub_line_id, type, maintenance_frequency, pm_plan_year, uptime) VALUES ('270e4d80-aa85-4f55-b0bf-fa21a3a816ce', 'MF PM CS FT20', 'BLOCK TESTING', '4860a4b7-0f8c-4faf-8763-3ce7213dc065', '568e05dd-4742-41f6-9319-e6874fcb4c9a', 'Non Critical', 'Quarterly', 'Jan-Apr-Jul-Oct', 1290);
INSERT INTO machines (id, code, name, line_id, sub_line_id, type, maintenance_frequency, pm_plan_year, uptime) VALUES ('88a1cc6e-4a69-4757-abcf-4c9564d308ce', 'MF PM CS FT21', 'DEBURRINGD MACHINE', '4860a4b7-0f8c-4faf-8763-3ce7213dc065', '568e05dd-4742-41f6-9319-e6874fcb4c9a', 'Non Critical', 'Quarterly', 'Jan-Apr-Jul-Oct', 1290);
INSERT INTO machines (id, code, name, line_id, sub_line_id, type, maintenance_frequency, pm_plan_year, uptime) VALUES ('b7f24df3-570e-4f0b-947a-fe82c2556150', 'MF PM CS FT22', 'SEALANT DRY OVEN', '4860a4b7-0f8c-4faf-8763-3ce7213dc065', '568e05dd-4742-41f6-9319-e6874fcb4c9a', 'Non Critical', 'Quarterly', 'Mar-Jun-Sept-Dec', 1290);
INSERT INTO machines (id, code, name, line_id, sub_line_id, type, maintenance_frequency, pm_plan_year, uptime) VALUES ('49641cd2-751e-4d60-9f78-3e2c4e1708bf', 'MF PM CS FT23', 'DRY OVEN', '4860a4b7-0f8c-4faf-8763-3ce7213dc065', '568e05dd-4742-41f6-9319-e6874fcb4c9a', 'Non Critical', 'Quarterly', 'Mar-Jun-Sept-Dec', 1290);
INSERT INTO machines (id, code, name, line_id, sub_line_id, type, maintenance_frequency, pm_plan_year, uptime) VALUES ('ac0b0562-935b-4a6c-90c4-c7f7d6fd6fb2', 'F M PMC 54', 'DRY OFF OVEN.', '3287130a-eb54-4a5d-9f28-fc01a79876ad', '0d8ad5af-7c8e-4f06-8acc-dc4c0a265675', 'Non Critical', 'Quarterly', 'Mar-Jun-Sep-Dec', 1290);
INSERT INTO machines (id, code, name, line_id, sub_line_id, type, maintenance_frequency, pm_plan_year, uptime) VALUES ('d08f8e26-a69b-44f7-beba-c7b381d3eae1', 'MF PM CS MGMM06', 'TOC ASSEMBLY (MG RADIATOR)', 'f2acb9be-5fb7-464f-9c65-d9b4488f29a2', '2ba0f173-5478-47be-ac8a-8500bed07e46', 'Non Critical', 'Quarterly', 'Feb-May-Aug-Nov', 1290);
INSERT INTO machines (id, code, name, line_id, sub_line_id, type, maintenance_frequency, pm_plan_year, uptime) VALUES ('05ac7aca-7699-4dee-8d79-ff609204dfad', 'MF PM CS MGMM07', 'SKEEWNESS CHECKING (MG RADIATOR)', 'f2acb9be-5fb7-464f-9c65-d9b4488f29a2', '2ba0f173-5478-47be-ac8a-8500bed07e46', 'Non Critical', 'Quarterly', 'Feb-May-Aug-Nov', 1290);
INSERT INTO machines (id, code, name, line_id, sub_line_id, type, maintenance_frequency, pm_plan_year, uptime) VALUES ('e028956e-413b-4cfe-9c38-d730c6674e84', 'MF PM CS MGMM08', 'THERMOSTATE ASSEMBLY (MG RADIATOR)', 'f2acb9be-5fb7-464f-9c65-d9b4488f29a2', '2ba0f173-5478-47be-ac8a-8500bed07e46', 'Non Critical', 'Quarterly', 'Mar-Jun-Sept-Dec', 1290);
INSERT INTO machines (id, code, name, line_id, sub_line_id, type, maintenance_frequency, pm_plan_year, uptime) VALUES ('014287ca-08cd-4975-8989-72017713a5c3', 'MF PM CS MGMM17', 'CONDENSOR SEAL ASSEMBLY (MG CONDENSOR)', 'f2acb9be-5fb7-464f-9c65-d9b4488f29a2', '2ba0f173-5478-47be-ac8a-8500bed07e46', 'Non Critical', 'Quarterly', 'Mar-Jun-Sept-Dec', 1290);
INSERT INTO machines (id, code, name, line_id, sub_line_id, type, maintenance_frequency, pm_plan_year, uptime) VALUES ('7025aae5-3326-456e-b8ae-5b9b89f5c0b1', 'MF PM CS MGMM21', 'DEFLECTOR ASSEMBLY (MG CAC)', 'f2acb9be-5fb7-464f-9c65-d9b4488f29a2', '2ba0f173-5478-47be-ac8a-8500bed07e46', 'Non Critical', 'Quarterly', 'Jan-Apr-Jul-Oct', 1290);
INSERT INTO machines (id, code, name, line_id, sub_line_id, type, maintenance_frequency, pm_plan_year, uptime) VALUES ('04d2f787-b0cf-4000-902b-20f42510e5cd', 'MF PM CS MGMM27', 'TUBE PIERCING MACHINE', 'f2acb9be-5fb7-464f-9c65-d9b4488f29a2', '2ba0f173-5478-47be-ac8a-8500bed07e46', 'Non Critical', 'Quarterly', 'Mar-Jun-Sept-Dec', 1290);
INSERT INTO machines (id, code, name, line_id, sub_line_id, type, maintenance_frequency, pm_plan_year, uptime) VALUES ('361d006f-aa87-4da1-abca-824a6d683ae8', 'F M PMC 25', 'RESERVOIR BLOCKAGE TEST ,RELIEF VALVE ASSY,UMBRELLA VALVE ASSY,NOZZLE ASSY & TESTING', '5dee6b57-476a-40cb-bacc-e4908400d5d9', '7e3abeb5-e7c7-4582-8e67-72c37b13a1f6', 'Non Critical', 'Quarterly', 'Jan-Apr-July-Oct', 1290);
INSERT INTO machines (id, code, name, line_id, sub_line_id, type, maintenance_frequency, pm_plan_year, uptime) VALUES ('00583c63-4680-40a4-95eb-ea76fe6edf40', 'F M PMC 27', 'END OF LINE TESTER (EOL)', '5dee6b57-476a-40cb-bacc-e4908400d5d9', '7e3abeb5-e7c7-4582-8e67-72c37b13a1f6', 'Non Critical', 'Quarterly', 'Jan-Apr-July-Oct', 1290);
INSERT INTO machines (id, code, name, line_id, sub_line_id, type, maintenance_frequency, pm_plan_year, uptime) VALUES ('5971e24e-ca61-41bc-abbb-2f123a8843ae', 'F M PMC 30', 'END OF LINE TESTER (EOL)', '5dee6b57-476a-40cb-bacc-e4908400d5d9', '7e3abeb5-e7c7-4582-8e67-72c37b13a1f6', 'Non Critical', 'Quarterly', 'Jan-Apr-July-Oct', 1290);


-- Problem Types
INSERT INTO problem_types (id, name, description) VALUES ('a101751d-ebc2-4d97-9f4f-825daedba986', 'B/D', 'B/D');
INSERT INTO problem_types (id, name, description) VALUES ('cce1e53b-e99a-4ba6-914d-140a44f195cc', 'SAFETY /OTHER', 'SAFETY /OTHER');
INSERT INTO problem_types (id, name, description) VALUES ('b5cb1093-1062-4de5-bf96-42ef50aaac8d', 'P.M.', 'P.M.');
INSERT INTO problem_types (id, name, description) VALUES ('716b556d-7c89-41c3-b863-2af523158345', 'PREDECTIVE MAINTENANCE', 'PREDECTIVE MAINTENANCE');
INSERT INTO problem_types (id, name, description) VALUES ('7a0016fc-ab71-4b62-a7c6-8a438feaaf63', 'OVERHAULING', 'OVERHAULING');
INSERT INTO problem_types (id, name, description) VALUES ('07072f1e-4881-41b5-a3a5-346eaff82b33', 'PLAN ACTIVITY', 'PLAN ACTIVITY');
INSERT INTO problem_types (id, name, description) VALUES ('43f23ef6-cbc1-404a-a5eb-88e437842bca', 'IMPROVEMENT', 'IMPROVEMENT');
INSERT INTO problem_types (id, name, description) VALUES ('0c017494-6fd8-4824-88ba-053118a75137', 'TPM ACTIVITY', 'TPM ACTIVITY');
INSERT INTO problem_types (id, name, description) VALUES ('dea42304-f965-400d-9e49-6e1a2ccf0188', 'GI ACTIVITY', 'GI ACTIVITY');

-- Breakdowns
INSERT INTO breakdowns (id, date, shift, line_id, sub_line_id, machine_id, problem_type_id, problem_description, start_time, end_time, total_time, attendees, closer, status, priority, capa_required, capa_data, five_why_analysis, root_causes, preventive_actions, prepared_by, approved_by, target_date, completion_date, evidence_before, evidence_after) VALUES ('f8e62eb4-0b75-4458-83be-a0c682ddacb5', '2025-10-08', 'A', 'c72762f8-f534-4388-90ae-601df2babfd4', '4a0eb5b3-8258-4214-8701-d018b57ac897', 'd22fac00-6923-4b46-adcf-dc58367e9ab2', '716b556d-7c89-41c3-b863-2af523158345', NULL, '07:00', NULL, NULL, NULL, NULL, 'closed', 'High', 'no', NULL, NULL, NULL, NULL, NULL, NULL, NULL, NULL, NULL, NULL);
INSERT INTO breakdowns (id, date, shift, line_id, sub_line_id, machine_id, problem_type_id, problem_description, start_time, end_time, total_time, attendees, closer, status, priority, capa_required, capa_data, five_why_analysis, root_causes, preventive_actions, prepared_by, approved_by, target_date, completion_date, evidence_before, evidence_after) VALUES ('2c2c6ddc-da35-4cad-a09f-6e236b47f9d3', '2025-10-08', 'A', 'c72762f8-f534-4388-90ae-601df2babfd4', '5dfacd33-0fd0-4947-8d2d-1e2a597b7f6d', 'bcff9a98-99de-4b93-a496-6cef776a7d14', '7a0016fc-ab71-4b62-a7c6-8a438feaaf63', NULL, '08:47', NULL, NULL, NULL, NULL, 'open', 'Medium', 'no', NULL, NULL, NULL, NULL, NULL, NULL, NULL, NULL, NULL, NULL);
INSERT INTO breakdowns (id, date, shift, line_id, sub_line_id, machine_id, problem_type_id, problem_description, start_time, end_time, total_time, attendees, closer, status, priority, capa_required, capa_data, five_why_analysis, root_causes, preventive_actions, prepared_by, approved_by, target_date, completion_date, evidence_before, evidence_after) VALUES ('72e85096-8e10-4dc0-b13f-347b59f1cf1b', '2025-10-08', 'A', 'c72762f8-f534-4388-90ae-601df2babfd4', '5dfacd33-0fd0-4947-8d2d-1e2a597b7f6d', 'bcff9a98-99de-4b93-a496-6cef776a7d14', 'cce1e53b-e99a-4ba6-914d-140a44f195cc', NULL, '06:41', NULL, NULL, NULL, NULL, 'open', 'High', 'yes', NULL, NULL, NULL, NULL, NULL, NULL, NULL, NULL, NULL, NULL);
